complex_predicate,count
پیدا کرد,682
انجام داد,135
وجود داشت,130
قرار داد,128
نشان داد,123
دوست داشت,123
اعلام کرد,122
فکر کرد,121
وارد شد,111
قرار گرفت,99
استفاده کرد,87
احساس کرد,80
شروع کرد,73
سعی کرد,67
نگاه کرد,66
عمل کرد,56
اقدام کرد,55
حرف زد,53
دست داد,53
نظر رسید,52
زندگی کرد,48
برگزار شد,47
ادامه داد,46
تصمیم گرفت,46
حرکت کرد,45
تلاش کرد,43
کار کرد,42
قرار داشت,42
کمک کرد,42
ایجاد کرد,41
دست زد,40
فراموش کرد,40
سر زد,39
تصور کرد,39
شرکت کرد,38
گوش داد,37
دست آورد,36
ایمان آورد,35
اظهار کرد,33
امر کرد,33
اشاره کرد,32
تأکید کرد,32
وجود آمد,32
بازی کرد,32
دریافت کرد,31
تشکیل داد,31
معرفی کرد,31
انتخاب کرد,31
وارد کرد,31
یاد گرفت,31
یاد آمد,31
نقل کرد,30
تغییر داد,29
صحبت کرد,28
آغاز شد,28
ارائه داد,27
حل کرد,27
بیان کرد,27
سخن گفت,27
نظر گرفت,27
آغاز کرد,27
پیش آمد,27
تغییر کرد,27
دستور داد,26
صورت گرفت,26
حمایت کرد,26
تهدید کرد,26
دعوت کرد,26
باقی ماند,26
سر داد,26
راه داد,26
جمع کرد,25
ترک کرد,25
انجام کرد,25
بررسی کرد,25
خواهش کرد,25
تن داد,25
خاطرنشان کرد,24
صرف کرد,24
اصلاح کرد,24
بین رفت,24
نجات داد,24
نفوذ کرد,24
یاد کرد,23
گریه کرد,23
امکان داشت,23
یاد داشت,23
اظهار داشت,22
اتفاق افتاد,22
قبول داشت,22
برخورد کرد,22
نگه داشت,22
درخواست کرد,22
تجدید کرد,22
محسوب شد,21
اضافه کرد,21
شکل گرفت,21
تولید کرد,21
راه رفت,21
نظر آمد,21
یاد افتاد,21
عرض کرد,21
تکرار کرد,21
حمله کرد,21
تصریح کرد,20
تعریف کرد,20
استفاده شد,20
مراجعه کرد,20
سجده کرد,20
ادعا کرد,20
تنظیم کرد,20
دفاع کرد,20
باد داد,20
رفتار کرد,20
خرید کرد,20
حس کرد,20
همراهی کرد,20
تشویق کرد,20
مسالمت کرد,20
کسب کرد,19
کار رفت,19
تبدیل شد,19
جمع شد,19
هدایت کرد,19
گمان کرد,19
تحقیق کرد,19
اختصاص داد,19
ترجیح داد,19
نمایش داد,19
درد کرد,19
مطالعه کرد,19
قیام کرد,19
تشخیص داد,19
ظهور کرد,19
رعایت کرد,19
استعفا داد,19
قبول کرد,19
خیال کرد,19
شکست داد,18
ازدواج کرد,18
کشف کرد,18
تصرف کرد,18
دست یافت,18
تهیه کرد,18
تعیین کرد,18
حذف کرد,18
پیدا شد,18
بلند شد,18
حفظ کرد,18
قطع کرد,18
قصد کرد,18
خودداری کرد,18
پرس کرد,18
تربیت کرد,18
دست داشت,18
بازتاب کرد,18
نصب کرد,17
بازتعریف کرد,17
باور کرد,17
توصیه کرد,17
تحمل کرد,17
گوش کرد,17
شکایت کرد,17
دستگیر شد,17
برداشت کرد,17
دست آمد,17
نام داشت,17
فرار کرد,17
رخ داد,17
دنیا آمد,17
عمل آمد,17
فاصله گرفت,17
راه انداخت,17
عکس گرفت,17
درست کرد,17
نفس کشید,17
رنج برد,17
مقابله کرد,17
رشد کرد,17
دم زد,17
توضیح داد,17
دیدار کرد,17
تعلق گرفت,17
دست کشید,17
استدعا کرد,17
آرزو کرد,17
رحم کرد,17
دوری جست,17
محبت کرد,17
شرکت جست,17
ارائه کرد,16
سفر کرد,16
بیان داشت,16
پرداخت کرد,16
رو آورد,16
تلقی کرد,16
دلجویی کرد,16
باقی گذاشت,16
صادر کرد,16
شعله کشید,16
توبه کرد,16
کتک زد,16
تجربه کرد,16
افزایش داد,16
توجه کرد,16
آزار داد,16
تعبیر کرد,16
درجا زد,16
ملاحظه کرد,16
صبر کرد,16
حدس زد,16
رقم زد,16
اعتراف کرد,16
کنار زد,16
بحث کرد,16
استنشاق کرد,16
قسم خورد,16
کاهش داد,16
امتحان کرد,16
جنگ کرد,16
دشمنی کرد,16
بستگی داشت,16
نتیجه‌گیری کرد,16
پر زد,16
خطاب کرد,16
پافشاری داشت,16
داد کرد,16
طلب کرد,15
هم پاشید,15
فریاد زد,15
نهی کرد,15
چاپ کرد,15
آتش زد,15
انتخاب شد,15
عهده داشت,15
ایجاد شد,15
مبارزه کرد,15
دریغ کرد,15
طول کشید,15
دستگیر کرد,15
ثابت کرد,15
ثبت کرد,15
راه افتاد,15
داد زد,15
کم آورد,15
اعتماد کرد,15
جلب کرد,15
حکومت کرد,15
پدید آمد,15
شتاب کرد,15
چنگ کشید,15
جا ماند,15
مقاومت کرد,15
روا داشت,15
کنار گذاشت,15
وفات کرد,15
یورش برد,15
شلیک کرد,15
اصرار داشت,15
پیشه کرد,15
تأمل کرد,15
خلق کرد,15
مخالفت کرد,15
تبدیل کرد,15
کنترل کرد,15
پرهیز کرد,15
پاس داشت,15
پخت کرد,15
عرضه کرد,15
ظلم کرد,15
بزرگ‌نمایی کرد,15
پا داشت,15
نام برد,14
ترک گفت,14
پیش‌بینی کرد,14
جیغ زد,14
واقع شد,14
پیشگویی کرد,14
گمان برد,14
تجلی کرد,14
اهانت کرد,14
سفارش داد,14
فرض کرد,14
جلوگیری کرد,14
برنامه‌ریزی کرد,14
افزایش یافت,14
تحقیر کرد,14
فرمان داد,14
خوش آمد,14
تمرین کرد,14
احتمال داشت,14
مشاهده کرد,14
بیعت کرد,14
اجابت کرد,14
ریشه کرد,14
نگهداری کرد,14
شرح داد,14
فشار داد,14
سفارش کرد,14
صدا زد,14
شمار آمد,14
بهره گرفت,14
پدید آورد,14
نسبت داد,14
فرق کرد,14
ادامه داشت,14
خجالت کشید,14
رو کرد,14
پرتاب کرد,14
مذاکره کرد,14
آرام گرفت,14
امضا کرد,14
احتمال رفت,14
تلقین کرد,14
طلوع کرد,14
سکوت کرد,14
کوتاهی کرد,14
اسکان کرد,14
غلبه کرد,14
عشق ورزید,14
ترقی کرد,14
سبقت جست,14
گلزنی کرد,14
فایده کرد,14
مؤاخذه کرد,14
معراج کرد,14
مداخله کرد,14
سلطه کرد,14
منتقل کرد,13
سپری کرد,13
عبور کرد,13
ترک خورد,13
منتشر شد,13
اجرا کرد,13
تحویل داد,13
انجام گرفت,13
انتظار کشید,13
دخالت کرد,13
تازیانه زد,13
موافقت کرد,13
جا داد,13
اشتباه کرد,13
دعا کرد,13
اصرار کرد,13
اطلاع داد,13
اتخاذ کرد,13
سر برد,13
مراقبت کرد,13
شناسایی کرد,13
معالجه کرد,13
عطا کرد,13
شروع شد,13
التماس کرد,13
اختصاص داشت,13
تقلید کرد,13
تردید کرد,13
هدیه کرد,13
اختیار کرد,13
دنبال کرد,13
هم کوبید,13
شمار آورد,13
ناله کرد,13
درمان کرد,13
جمع‌آوری کرد,13
توکل کرد,13
خرج کرد,13
بازنگری کرد,13
همکاری کرد,13
سرکوب کرد,13
درک کرد,13
اتحاد کرد,13
پیگیری کرد,13
جهاد کرد,13
سازماندهی کرد,13
پیروی کرد,13
سلام کرد,13
سرزنش کرد,13
اهدا کرد,13
کوشش کرد,13
بازگو کرد,13
پناه برد,13
خداحافظی کرد,13
صف‌بندی کرد,13
مجازات کرد,13
اطاعت کرد,13
بنیان گذاشت,13
حک کرد,13
فعالیت کرد,13
فتح کرد,13
فریب خورد,13
تحلیل کرد,13
پیش گرفت,13
خیانت کرد,13
تقاضا کرد,13
ایفا کرد,13
تداخل کرد,13
تشدید کرد,13
یاد داد,13
مرور کرد,13
میل کرد,13
حصول کرد,13
زوال کرد,13
سردبیری کرد,13
مطابقت کرد,13
مانور کرد,13
اجرا شد,12
تدوین کرد,12
نظر داشت,12
توطئه کرد,12
انجام شد,12
کارگردانی کرد,12
عنوان کرد,12
چشم‌پوشی کرد,12
ابراز کرد,12
سخنرانی کرد,12
جلوه کرد,12
شکنجه کرد,12
صدد آمد,12
تأیید کرد,12
شستشو داد,12
اعلام شد,12
منتشر کرد,12
سان دید,12
شکست خورد,12
فرود آورد,12
محاسبه کرد,12
تخطی کرد,12
تقدیم داشت,12
تعرض کرد,12
وفق داد,12
نشان دادن,12
خاطر آورد,12
سر آمد,12
پخش کرد,12
تحویل گرفت,12
تردد کرد,12
هم ریخت,12
تعلیم داد,12
نازل کرد,12
تعلیق کرد,12
توسعه داد,12
اعلام داشت,12
آشکارسازی کرد,12
انعکاس کرد,12
تلاش داشت,12
باور شد,12
ادراک کرد,12
ایجاب کرد,12
اثبات کرد,12
تا کرد,12
مصرف کرد,12
اقتضا کرد,12
ظاهر شد,12
وجود آورد,12
تقدیر کرد,12
احوال‌پرسی کرد,12
نقاشی کرد,12
پیشی گرفت,12
گواهی داد,12
دشنام داد,12
تلاقی کرد,12
تعمق کرد,12
جرأت کرد,12
احاطه کرد,12
دقت کرد,12
اتخاذ داشت,12
اتمام کرد,12
اجاره کرد,12
احترام گذارد,12
احترام گذاشت,12
ادامه یافت,12
نثار کرد,12
دوره کرد,12
ستم کرد,12
تضمین کرد,12
شخم زد,12
فریب داد,12
تکیه داد,12
ملاقات کرد,12
افراط کرد,12
قلمداد کرد,12
تأثیر گذاشت,12
استناد داد,12
صعود کرد,12
حسرت کشید,12
شن‌ریزی کرد,12
محافظت کرد,12
شوخی کرد,12
رسیدگی کرد,12
توقف کرد,12
اقامت کرد,12
پرورش داد,12
اعتراض کرد,12
رواج کرد,12
کناره‌گیری کرد,12
دعوا کرد,12
توهین کرد,12
حرمت نهاد,12
ترکیب کرد,12
گناه کرد,12
سرما خورد,12
روی داد,12
تسری کرد,12
بازرسی کرد,12
خطابه کرد,12
زد کرد,12
مرقوم کرد,12
علاج کرد,12
وقوف کرد,12
استناد جست,12
توصیف کرد,11
نظاره کرد,11
تثبیت کرد,11
طرح کرد,11
اعراض کرد,11
اقامه کرد,11
وصف کرد,11
تعقیب کرد,11
تبلیغ کرد,11
حمله برد,11
آتش گرفت,11
انتشار داد,11
عنایت کرد,11
بازخواست کرد,11
دریافت داشت,11
تماس گرفت,11
رخ کشید,11
پی برد,11
غلت زد,11
حساب آمد,11
سؤال کرد,11
تلاوت کرد,11
تعظیم کرد,11
تعدیل کرد,11
تمایز گذاشت,11
تمرکز کرد,11
تنفس کرد,11
خواب دید,11
داوری کرد,11
قورت داد,11
فشار آورد,11
ضبط کرد,11
پوزخند زد,11
تشکر کرد,11
گزارش داد,11
آزمایش کرد,11
پارک کرد,11
طغیان کرد,11
اعدام کرد,11
اجرا گذاشت,11
پرواز کرد,11
دگرگون کرد,11
ارتقا داد,11
لب بست,11
اعمال کرد,11
بانگ زد,11
هزینه کرد,11
نیت کرد,11
چشم داشت,11
صدا کرد,11
شادی کرد,11
وقت گذاشت,11
بوسه زد,11
تعجب کرد,11
بندگی کرد,11
گیر افتاد,11
شنا کرد,11
دامن زد,11
دوستی کرد,11
تقسیم‌بندی کرد,11
نشانه گرفت,11
اقرار کرد,11
پینه بست,11
اصرار ورزید,11
رضایت داد,11
اجحاف کرد,11
جبران کرد,11
فریاد کرد,11
احسان کرد,11
حکومت‌داری کرد,11
سازش کرد,11
اخراج کرد,11
پذیرایی کرد,11
مصادره کرد,11
ابلاغ کرد,11
استناد کرد,11
تقلب کرد,11
تاب آورد,11
آذین بست,11
نیکی کرد,11
شکل داد,11
گسترش داد,11
تصویب کرد,11
غسل داد,11
لجبازی کرد,11
انکار کرد,11
تصاحب کرد,11
پرت کرد,11
رخنه کرد,11
انتقاد کرد,11
بازسازی کرد,11
ترویج کرد,11
پوشش داد,11
تحریم کرد,11
نصیحت کرد,11
کباب کرد,11
ایستادگی کرد,11
بی‌احترامی کرد,11
تخلص کرد,11
ترمیم کرد,11
پیوند داد,11
بی‌حجابی کرد,11
دوری کرد,11
مدیریت کرد,11
دل بست,11
تظاهر کرد,11
تکیه کرد,11
جا گذاشت,11
بدگویی کرد,11
گرو گذاشت,11
قضاوت کرد,11
گشایش کرد,11
مشورت کرد,11
معامله کرد,11
مطابقه کرد,11
شمار رفت,10
قدم زد,10
برقرار کرد,10
ترسیم کرد,10
احداث کرد,10
تمجید کرد,10
جابه‌جا شد,10
جابجا کرد,10
لجاجت کرد,10
سخن راند,10
استیفا کرد,10
بروز کرد,10
طراحی کرد,10
رسوخ کرد,10
طراحی شد,10
تعلل کرد,10
جیب زد,10
عبور داد,10
تحمیل کرد,10
بنا نهاد,10
کلید خورد,10
قطع شد,10
عبادت کرد,10
گل زد,10
شرکت داشت,10
سنگینی کرد,10
تعدی کرد,10
اثر گذاشت,10
گل کرد,10
حلقه زد,10
توجیه کرد,10
تغذیه کرد,10
فراهم آورد,10
خدمت کرد,10
تعویض کرد,10
عادت داد,10
نماز خواند,10
تکان داد,10
تمیز داد,10
تنبیه کرد,10
وارد ساخت,10
شکار کرد,10
غوغا کرد,10
شلاق زد,10
شمارش کرد,10
زجر داد,10
جیغ کشید,10
تقلا کرد,10
جا افتاد,10
دست آوردن,10
سر آورد,10
استخاره کرد,10
چشم آمد,10
گرد آمد,10
ریزش کرد,10
عهد کرد,10
پادرمیانی کرد,10
هدر داد,10
زمین خورد,10
فوت کرد,10
پشتیبانی کرد,10
اشاره داشت,10
آشپزی کرد,10
فروش کرد,10
مهار کرد,10
تفویض کرد,10
تقبل کرد,10
عرضه داشت,10
اعزام کرد,10
موج زد,10
تاول زد,10
چنگ زد,10
هجوم آورد,10
نام نهاد,10
غروب کرد,10
گرد آورد,10
لگد زد,10
چک کرد,10
تخلف کرد,10
خریداری کرد,10
پیچ خورد,10
تدریس کرد,10
تخریب کرد,10
شکنجه داد,10
احیا کرد,10
اداره کرد,10
ادغام کرد,10
برش زد,10
برق زد,10
آه کشید,10
بروز داد,10
استدلال کرد,10
بدرقه کرد,10
اذعان داشت,10
اسلام آورد,10
استمداد کرد,10
معاشرت کرد,10
آشتی داد,10
تحریف کرد,10
یقین کرد,10
خروج کرد,10
حفاظت کرد,10
موعظه کرد,10
پر کشید,10
سینه زد,10
معاینه کرد,10
برش داد,10
رجعت کرد,10
آموزش داد,10
اطعام کرد,10
قفل کرد,10
برآورد کرد,10
تشبیه کرد,10
دراز کشید,10
پایان پذیرفت,10
تجلیل کرد,10
سبقت گرفت,10
گمان رفت,10
اطمینان کرد,10
میان آمد,10
قرار گذاشت,10
دک کرد,10
طواف کرد,10
وصیت کرد,10
عقوبت کرد,10
غارت کرد,10
تراش داد,10
خوش‌رفتاری کرد,10
تشریح کرد,10
درس داد,10
پس رفت,10
دیکته کرد,10
تفکیک کرد,10
نتیجه گرفت,10
بنا گذاشت,10
بیرون زد,10
ویرایش کرد,10
تسریع کرد,10
تقابل کرد,10
زانو زد,10
پایداری کرد,10
پیکار کرد,10
پیوند زد,10
پارو زد,10
تبعیت کرد,10
تکلم کرد,10
وحی کرد,10
نوازش داد,10
تصویر کشید,10
فساد کرد,10
تمام کرد,10
ذخیره کرد,10
یاری کرد,10
تواضع کرد,10
تکبر کرد,10
تفکر کرد,10
تفاوت گذاشت,10
کفایت کرد,10
فتوا داد,10
بال زد,10
مطابقت داد,10
فروگذار کرد,10
مهربانی کرد,10
منتشر ساخت,10
نظارت کرد,10
میخ کرد,10
نارو زد,10
مشارکت کرد,10
معاهده کرد,10
نیرنگ کرد,10
اشاعه کرد,10
نهضت کرد,10
اشتقاق کرد,10
الحاق کرد,10
آب گرفت,10
آهار زد,10
باد کرد,10
بازپرداخت کرد,10
له‌له زد,10
بدعت گذاشت,10
ترتیب داد,9
خرج داد,9
ترغیب کرد,9
استخراج کرد,9
فرمان برد,9
ترویج داد,9
صورت پذیرفت,9
تا زد,9
چادر زد,9
تیراندازی کرد,9
زنجیر کرد,9
قد کشید,9
یورش آورد,9
حمله آورد,9
صف کشید,9
دل گرفت,9
حکایت داشت,9
کم‌کاری کرد,9
لبخند زد,9
تهیه شد,9
قیاس کرد,9
تداعی کرد,9
ریسک کرد,9
ترحم کرد,9
جمع زد,9
شورش کرد,9
شکوه کرد,9
پرواز داد,9
تکفیر کرد,9
افتتاح کرد,9
مشاهده شد,9
کتک خورد,9
اسم برد,9
تنزل داد,9
اسباب‌کشی کرد,9
استقبال کرد,9
نادیده گرفت,9
حکمرانی کرد,9
خطور کرد,9
حرف زدن,9
یاد بود,9
ورانداز کرد,9
حمل کرد,9
تلافی کرد,9
غفلت کرد,9
تفریح کرد,9
ورق زد,9
تمدید کرد,9
تنبلی کرد,9
توقیف کرد,9
عذرخواهی کرد,9
جاسوسی کرد,9
ثابت شد,9
راهنمایی کرد,9
شرط‌بندی کرد,9
بال‌بال زد,9
مرحمت کرد,9
بغل زد,9
سر رفت,9
جا زد,9
جا خورد,9
بین برد,9
تایپ کرد,9
انتظار داشت,9
گله کرد,9
اسراف کرد,9
غیبت کرد,9
منشأ گرفت,9
راه برد,9
پسند آمد,9
حاصل شد,9
عفونت کرد,9
شفاعت کرد,9
پناه آورد,9
تجمع کرد,9
عنوان داشت,9
حسودی کرد,9
حبس کرد,9
پیشرفت کرد,9
پردازش کرد,9
لو رفت,9
شانه زد,9
سوگواری کرد,9
وحشت کرد,9
ریاست کرد,9
تقدیم کرد,9
بار آورد,9
سوء کرد,9
چرت زد,9
تک‌روی کرد,9
تکیه زد,9
ترمز گرفت,9
ترمز کرد,9
عقب‌گرد کرد,9
تقیه کرد,9
تقلیل داد,9
تقریر کرد,9
جمع‌بندی کرد,9
تاج‌گذاری کرد,9
پز داد,9
سر خورد,9
خمیازه کشید,9
اندازه‌گیری کرد,9
سر رسید,9
اتراق کرد,9
تخلف ورزید,9
اتو کشید,9
بازجویی کرد,9
حکم کرد,9
اجتهاد کرد,9
روزه گرفت,9
حلقه کرد,9
بو کشید,9
سکته کرد,9
بلند کرد,9
سازمان داد,9
زیاده‌روی کرد,9
ارث برد,9
پارس کرد,9
سپاسگزاری کرد,9
دلسوزی کرد,9
زیارت کرد,9
پیوند خورد,9
عزاداری کرد,9
خون‌ریزی کرد,9
سوگند خورد,9
اختلاط کرد,9
اراده کرد,9
ارتباط داد,9
ارتحال کرد,9
ارزش گذارد,9
ارسال داشت,9
پس زد,9
نکوهش کرد,9
مراعات کرد,9
تصادف کرد,9
استتار کرد,9
ارتفاع گرفت,9
پس آورد,9
استعمار کرد,9
مجالست کرد,9
وسوسه کرد,9
آمپول زد,9
اطلاق کرد,9
راه‌اندازی کرد,9
الگوبرداری کرد,9
لقب داد,9
صله کرد,9
بیداد کرد,9
جدال کرد,9
سجده برد,9
زمزمه کرد,9
پا خاست,9
مصاحبه کرد,9
سرپیچی کرد,9
سرایت کرد,9
جوسازی کرد,9
سوق داد,9
سر کرد,9
چرخ زد,9
دستگیری کرد,9
اصابت کرد,9
بهره‌گیری کرد,9
سراغ داشت,9
آماس کرد,9
برانداز کرد,9
افطار کرد,9
بنیاد کرد,9
پس‌انداز کرد,9
پند گرفت,9
پناه گرفت,9
اعطا کرد,9
پک زد,9
منفجر کرد,9
خشم گرفت,9
تأثیر کرد,9
تاب داد,9
کمین کرد,9
اغفال کرد,9
امتناع کرد,9
تدبیر کرد,9
تبعید کرد,9
طول داد,9
فداکاری کرد,9
مجال داد,9
دست انداخت,9
کناره گرفت,9
چشمک زد,9
تجویز کرد,9
طلاق داد,9
رجوع کرد,9
انقلاب کرد,9
القا کرد,9
تورق کرد,9
جریمه کرد,9
کالبدشکافی کرد,9
اهتمام کرد,9
انگشت‌نگاری کرد,9
بوق زد,9
بوس کرد,9
بهبود داد,9
پا زد,9
دنبال داشت,9
پلک زد,9
پمپ کرد,9
پمپاژ کرد,9
تحریک کرد,9
تطبیق داد,9
تسخیر کرد,9
تکثیر کرد,9
مهاجرت کرد,9
دهن‌کجی کرد,9
تسلی داد,9
تشکیک کرد,9
پشتک زد,9
ردیابی کرد,9
تنزل کرد,9
یاری داد,9
گیر کرد,9
پا گرفت,9
حاصل آورد,9
نافرمانی کرد,9
شیهه کشید,9
تألیف کرد,9
بازبینی کرد,9
بازدید کرد,9
پروا کرد,9
پرهیزگاری کرد,9
دیدن کرد,9
سستی ورزید,9
مسافرت کرد,9
سخن رفت,9
قلم افتاد,9
امان ماند,9
فروکش کرد,9
مشق کرد,9
سلطنت کرد,9
تهاجم کرد,9
رژه رفت,9
راز کرد,9
جواب کرد,9
دار زد,9
تشریف آورد,9
تصدیق کرد,9
تفاوت کرد,9
تعصب ورزید,9
تکریم کرد,9
تساهل کرد,9
بذرپاشی کرد,9
مبذول داشت,9
درنگ کرد,9
درد گرفت,9
قرض گرفت,9
فرمان راند,9
فوران کرد,9
قصور کرد,9
کینه ورزید,9
کشتی گرفت,9
حواله کرد,9
خلاف کرد,9
عدول کرد,9
تطهیر کرد,9
نظر آورد,9
لعنت کرد,9
فحش داد,9
موضع گرفت,9
نطق کرد,9
ایمیل زد,9
آذین کرد,9
شهوت‌رانی کرد,9
نیکویی کرد,9
نمایندگی کرد,9
هبوط کرد,9
لینک کرد,9
امتناع ورزید,9
مجامعت کرد,9
مجاهده کرد,9
کشمکش کرد,9
شاهد آورد,9
آنالیز کرد,9
آواز داد,9
باد زد,9
بارگیری کرد,9
آب‌گیری کرد,9
آبسه کرد,9
بازشماری کرد,9
بازگردانی کرد,9
بازی خورد,9
لکه‌زدایی کرد,9
بند آورد,9
طی کرد,8
نجات کرد,8
بالا گرفت,8
زیان داد,8
منازعه کرد,8
نجوا کرد,8
آنتن داد,8
شهرت گرفت,8
تبری کرد,8
تعمیر کرد,8
صادر شد,8
آب آمد,8
آب آورد,8
آرایش کرد,8
اتکا کرد,8
قید کرد,8
مناظره کرد,8
محسوب کرد,8
معرفی شد,8
اشاره شد,8
مجاهدت کرد,8
رحلت کرد,8
ادا کرد,8
قشلاق کرد,8
همذات‌پنداری کرد,8
پیشنهاد کرد,8
گم کرد,8
قربان رفت,8
خیال‌پردازی کرد,8
تفاهم کرد,8
تفاخر کرد,8
تعجیل کرد,8
تعلق داد,8
تعهد داد,8
اجتناب کرد,8
تأکید داشت,8
تلفیق داد,8
کار برد,8
تلفن کرد,8
خلوت کرد,8
تلوتلو خورد,8
تملک کرد,8
توافق کرد,8
فراری داد,8
تیغ زد,8
آگهی کرد,8
اوقات‌تلخی کرد,8
آسیاب کرد,8
آب‌بازی کرد,8
ایثارگری کرد,8
رهنمود داد,8
رهنمود کرد,8
چاپلوسی کرد,8
شکوفه زد,8
وول خورد,8
صلاح دید,8
بشکن زد,8
آقایی کرد,8
معنی کرد,8
صدا داد,8
پاسداری کرد,8
اذیت کرد,8
ارسال کرد,8
فرود آمد,8
حاصل آمد,8
خاطر آمد,8
عوض کرد,8
بر داشت,8
ابراز داشت,8
پناه جست,8
ارائه شد,8
بازی داد,8
رونمایی کرد,8
دل باخت,8
دوچرخه‌سواری کرد,8
اجتناب ورزید,8
مکاشفه کرد,8
انتظار رفت,8
رخت بست,8
سوخت‌گیری کرد,8
اندیشه کرد,8
اعلان کرد,8
تخته کرد,8
تحمیل شد,8
شیرجه رفت,8
چانه‌زنی کرد,8
وارد آورد,8
شرط کرد,8
چتربازی کرد,8
شوت زد,8
بچه‌داری کرد,8
بدجنسی کرد,8
تلألؤ کرد,8
تعقل کرد,8
دلالت کرد,8
تقبیح کرد,8
تقطیع کرد,8
تحکم کرد,8
اردو زد,8
استمهال کرد,8
بسیج کرد,8
جارو کرد,8
پا افتاد,8
اعتنا کرد,8
خاطر داشت,8
جرقه زد,8
اتو زد,8
اثر گذارد,8
اثر گرفت,8
اجاره داد,8
اجتماع کرد,8
اجتناب داشت,8
احتراز کرد,8
احتساب کرد,8
قدردانی کرد,8
احتیاط ورزید,8
ترنم کرد,8
ترشح کرد,8
گیج رفت,8
ضدعفونی کرد,8
ضمانت کرد,8
جایگزین کرد,8
سرقت کرد,8
نیایش کرد,8
خاتمه داد,8
جا آورد,8
حساب کرد,8
سجود کرد,8
شاهکار کرد,8
شبیه‌سازی کرد,8
سنگسار کرد,8
سرکوفت زد,8
سکسکه کرد,8
اخاذی کرد,8
احراز کرد,8
احرام بست,8
احضار کرد,8
کم‌لطفی کرد,8
بسته‌بندی کرد,8
نعره زد,8
ارزشیابی کرد,8
پانسمان کرد,8
ارضا کرد,8
ارفاق کرد,8
ازدحام کرد,8
استثمار کرد,8
استحمام کرد,8
دست‌درازی کرد,8
صحبت کردن,8
استعمال کرد,8
استجابت کرد,8
استنباط کرد,8
اغوا کرد,8
آب‌تنی کرد,8
اسکن کرد,8
حق‌شناسی کرد,8
سرپرستی کرد,8
نمونه‌برداری کرد,8
نوحه‌خوانی کرد,8
حفاری کرد,8
دسته‌بندی کرد,8
عذاب کرد,8
سواری گرفت,8
سینه‌پهلو کرد,8
عادت کرد,8
استغفار کرد,8
آفتاب گرفت,8
عزیمت کرد,8
اسکان داد,8
اقتدا کرد,8
نزول کرد,8
یاد آورد,8
بلغور کرد,8
پیشگیری کرد,8
افشا کرد,8
رزرو کرد,8
پیش‌دستی کرد,8
اسکی کرد,8
امامت کرد,8
اعتصاب کرد,8
اغراق کرد,8
اکرام کرد,8
شراکت کرد,8
غواصی کرد,8
غربال کرد,8
اعجاز کرد,8
الگوسازی کرد,8
دم کشید,8
رؤیت کرد,8
تمسخر کرد,8
امانت‌داری کرد,8
تبیین کرد,8
عذر آورد,8
عروج کرد,8
غلبه داد,8
عیب‌جویی کرد,8
کوچ داد,8
اندازه کرد,8
استنتاج کرد,8
استشمام کرد,8
استنطاق کرد,8
تصمیم‌گیری کرد,8
تصحیح کرد,8
علامت‌گذاری کرد,8
خواستگاری کرد,8
پرستاری کرد,8
دم گرفت,8
سامان داد,8
معنی داد,8
گردن گذاشت,8
شبیخون زد,8
افتخارآفرینی کرد,8
اقناع کرد,8
ایثار کرد,8
ماساژ داد,8
بو گرفت,8
بی‌ادبی کرد,8
پهلو گرفت,8
پنجه زد,8
جدا افتاد,8
پسرفت کرد,8
هماهنگی کرد,8
تکوین کرد,8
نشست کرد,8
تفهیم کرد,8
تخطئه کرد,8
تسری داد,8
شکرک زد,8
تشییع کرد,8
وکالت کرد,8
پافشاری کرد,8
پی نهاد,8
پیشوایی کرد,8
پوست گرفت,8
تاخت زد,8
پنچرگیری کرد,8
پسند کرد,8
پی گرفت,8
پی افکند,8
پی گذاشت,8
پیمان گرفت,8
پیش‌داوری کرد,8
تاریخ زد,8
پسروی کرد,8
پیمایش کرد,8
پینه زد,8
پیشکش کرد,8
آب‌پاشی کرد,8
پنجه افکند,8
پنجه انداخت,8
سیاست کرد,8
پیش‌خرید کرد,8
پیشروی کرد,8
افت کرد,8
پیشتازی کرد,8
پس کشید,8
پادشاهی کرد,8
پرخاشگری کرد,8
پادویی کرد,8
حواله داد,8
عهدشکنی کرد,8
پاس کرد,8
پیمانه زد,8
سخن کرد,8
تاب‌بازی کرد,8
تاخت آورد,8
تأخیر کرد,8
تأثیرگذاری کرد,8
تأثیر نهاد,8
تاکسیدرمی کرد,8
تأسی کرد,8
تبانی کرد,8
تبسم کرد,8
بیتوته کرد,8
پرپر زد,8
پدری کرد,8
واکنش داد,8
بهره کشید,8
بهانه جست,8
پالایش داد,8
پالایش کرد,8
تجسم کرد,8
تجسس کرد,8
نام‌گذاری کرد,8
وعده کرد,8
رایزنی کرد,8
مسترد کرد,8
مراجعت کرد,8
هجمه کرد,8
نقش بست,8
نوحه‌سرایی کرد,8
پیله کرد,8
رأی‌گیری کرد,8
رحم آورد,8
سلام داد,8
سکونت کرد,8
سلاخی کرد,8
رجحان داد,8
سمپاشی کرد,8
سوت زد,8
سنگر گرفت,8
چپاول کرد,8
سنجاق کرد,8
تحرک کرد,8
تحصن کرد,8
ستایش کرد,8
تجهیز کرد,8
تبدیل ساخت,8
تحقق داد,8
تخم‌ریزی کرد,8
تحقق پذیرفت,8
تحلیل رفت,8
تخصیص داد,8
تداوم داد,8
تدفین کرد,8
تزئین کرد,8
تصفیه کرد,8
تسهیل کرد,8
تسکین داد,8
تظاهرات کرد,8
تطمیع کرد,8
تشنج کرد,8
تصادم کرد,8
تعبیه کرد,8
بازگشایی کرد,8
راهپیمایی کرد,8
روخوانی کرد,8
دورخیز کرد,8
توبیخ کرد,8
دوبله کرد,8
رژیم گرفت,8
رواج گرفت,8
رنگ کرد,8
جهت‌گیری کرد,8
تصدی کرد,8
تعارض کرد,8
تکفل کرد,8
تکافو کرد,8
تعمیم داد,8
عطسه کرد,8
تنفیذ کرد,8
توزیع کرد,8
توفیر کرد,8
توقف داشت,8
توسل کرد,8
تیک‌تاک کرد,8
صدرنشینی کرد,8
دوری گرفت,8
خاطرنشان ساخت,8
دخالت داد,8
ردیف کرد,8
خاک کرد,8
گره داد,8
مبالغه کرد,8
گزند دید,8
جاخالی داد,8
جارو کشید,8
جارو زد,8
جار کشید,8
جان‌فشانی کرد,8
فضاسازی کرد,8
فیلم‌برداری کرد,8
گچ گرفت,8
گرم گرفت,8
غلت داد,8
قرض داد,8
قسم داد,8
قرقره کرد,8
کپی‌برداری کرد,8
حقیقت داشت,8
حکاکی کرد,8
گفتمان کرد,8
گوش نهاد,8
گول خورد,8
لاک زد,8
لانه کرد,8
رم داد,8
رونویسی کرد,8
خدعه کرد,8
یادداشت کرد,8
تفوق داد,8
تضییع کرد,8
تشریف برد,8
ترک داد,8
جبهه گرفت,8
جانب‌داری کرد,8
جدیت کرد,8
تنبک زد,8
تصریح داشت,8
صیانت کرد,8
لشگر کشید,8
دل برد,8
لایی کشید,8
ماجراجویی کرد,8
ماهیگیری کرد,8
گل‌کاری کرد,8
گلگی کرد,8
گیج خورد,8
استغاثه کرد,8
لابی زد,8
لاف زد,8
لجام زد,8
لحاظ داشت,8
لنگر گرفت,8
مشت زد,8
مشت داد,8
همفکری کرد,8
فزونی گرفت,8
پا آورد,8
غلغلک داد,8
مبادرت کرد,8
جای ماند,8
مهر ورزید,8
مونتاژ کرد,8
نتیجه داد,8
مناقشه کرد,8
نقشه کشید,8
نفرین کرد,8
معجزه کرد,8
معذرت‌خواهی کرد,8
معرکه گرفت,8
مغلطه کرد,8
درج کرد,8
مشایعت کرد,8
لعاب داد,8
مضایقه کرد,8
معاشقه کرد,8
معاونت کرد,8
روی‌گردانی کرد,8
ناخنک زد,8
جنبش کرد,8
جوش آمد,8
یخ بست,8
جوش زد,8
وصله کرد,8
حدیث کرد,8
لقب گرفت,8
مدل‌سازی کرد,8
وزارت کرد,8
آهنگسازی کرد,8
نیش زد,8
مراقبت داشت,8
مردانگی کرد,8
مرقوم داشت,8
آغوش کشید,8
وصله زد,8
وداع کرد,8
وضو گرفت,8
مسواک کرد,8
مشابه‌سازی کرد,8
لیزر کرد,8
ماتم گرفت,8
مارش زد,8
مایه‌کوبی کرد,8
مجادله کرد,8
پایان برد,8
اهتمام ورزید,8
مثله کرد,8
محاکمه کرد,8
استهزا کرد,8
اشتغال داشت,8
طمع برد,8
محبت ورزید,8
محشر کرد,8
محک زد,8
مخابره کرد,8
مد گرفت,8
مداحی کرد,8
التیام کرد,8
جوانه زد,8
چاره اندیشید,8
شفاف‌سازی کرد,8
چاره کرد,8
چاره‌جویی کرد,8
بزرگواری کرد,8
سنتز کرد,8
آشنایی‌زدایی کرد,8
آمیزش کرد,8
بادکش کرد,8
بارکشی کرد,8
آبروداری کرد,8
آروغ زد,8
بازاندیشی کرد,8
بازشناسی کرد,8
لغزش کرد,8
لگدمال کرد,8
لودگی کرد,8
لوطی‌گری کرد,8
آب‌کشی کرد,8
لیز خورد,8
مسترد داشت,8
بالا آورد,8
بالانس زد,8
بخار داد,8
بخیه خورد,8
بخیه زد,8
بدل‌کاری کرد,8
بست نشست,8
بنیان نهاد,8
الگو گرفت,8
عوض شد,7
پیش‌بینی شد,7
سفارش گرفت,7
جذب کرد,7
عمل آورد,7
مطالبه کرد,7
قناعت کرد,7
موضوعیت داشت,7
جانبازی کرد,7
یادآوری کرد,7
زنگ زد,7
حرکت داد,7
تکمیل کرد,7
تغافل کرد,7
کارشناسی کرد,7
تعریض کرد,7
تلگراف کرد,7
تلگراف زد,7
تلطیف کرد,7
تلفیق کرد,7
تلنگر زد,7
تلفظ کرد,7
تلمبه کرد,7
تمرین داد,7
تله‌گذاری کرد,7
تمکین کرد,7
تمرد کرد,7
تمسک کرد,7
رد کرد,7
شک کرد,7
تیرباران کرد,7
جادوگری کرد,7
تیمار کرد,7
ثبات گرفت,7
ایرانگردی کرد,7
انعقاد کرد,7
قائل هست,7
رهنمون ساخت,7
شکرگزاری کرد,7
شکیبایی کرد,7
شایعه‌سازی کرد,7
علامت گذاشت,7
زل زد,7
پخش شد,7
افتخار کرد,7
وزن کرد,7
قائل بود,7
تقسیم شد,7
میان گذاشت,7
هیاهو کرد,7
جنجال کرد,7
مکاتبه کرد,7
مماشات کرد,7
ممانعت کرد,7
وقع نهاد,7
درخت‌کاری کرد,7
شیرجه زد,7
صابون زد,7
دیده‌بوسی کرد,7
چانه زد,7
شعبه زد,7
شوره زد,7
بدرفتاری کرد,7
بخار کرد,7
ردگیری کرد,7
پرتاب شد,7
تدبر کرد,7
تفکیک داد,7
تسبیح کرد,7
تجاوز کرد,7
تمام شد,7
حکمروایی کرد,7
اتصال داد,7
ابلاغ داشت,7
ابرام کرد,7
اتصالی کرد,7
اتلاف کرد,7
اتود زد,7
اجماع کرد,7
احاله کرد,7
احتکار کرد,7
احتیاط کرد,7
شانس آورد,7
مصالحه کرد,7
طلاق گرفت,7
طرفداری کرد,7
طرح‌ریزی کرد,7
طلسم کرد,7
تخم کرد,7
وقت کرد,7
ضجه زد,7
ضرب زد,7
داستان‌پردازی کرد,7
سرنگون کرد,7
رفت کرد,7
دوباره‌سازی کرد,7
حلول کرد,7
حمام کرد,7
زورآزمایی کرد,7
حروف‌چینی کرد,7
چمباتمه زد,7
حماقت کرد,7
زوزه کشید,7
زیان کرد,7
سبزی‌کاری کرد,7
ژست گرفت,7
چمن‌کاری کرد,7
حظ برد,7
خشونت ورزید,7
دقیقه‌شماری کرد,7
دکلمه کرد,7
شفقت ورزید,7
شفقت کرد,7
شفا داد,7
دق‌الباب کرد,7
خیال‌بافی کرد,7
کاهش کرد,7
خاتمه پذیرفت,7
سرکشی کرد,7
خیاطی کرد,7
سخن گفتن,7
اختراع کرد,7
اختلاس کرد,7
اخلال کرد,7
اخفا کرد,7
نازل شد,7
یاد رفت,7
اقامت داشت,7
ارزش نهاد,7
ارشاد کرد,7
ادرار کرد,7
استشهاد کرد,7
حسادت ورزید,7
تأمین کرد,7
بنیاد نهاد,7
خرده گرفت,7
حیرت کرد,7
خضوع کرد,7
خشوع کرد,7
صدقه کرد,7
صفا داد,7
صف‌آرایی کرد,7
خرابکاری کرد,7
شماره‌گذاری کرد,7
خراش داد,7
حشر کرد,7
دستبرد زد,7
سرپوش گذاشت,7
سخت‌گیری کرد,7
چاشنی کرد,7
ستیزه کرد,7
سرایت داد,7
ستیز کرد,7
چاقو زد,7
چله نشست,7
چکه کرد,7
حمایل کرد,7
چهچهه زد,7
شماره زد,7
شنود کرد,7
صدابرداری کرد,7
چرخ خورد,7
چین خورد,7
شوت کرد,7
دروازه‌بانی کرد,7
خلاصه‌نویسی کرد,7
خروپف کرد,7
خطاطی کرد,7
سهمیه‌بندی کرد,7
دریغ داشت,7
سوسو زد,7
خط‌کشی کرد,7
چاقوکشی کرد,7
شاگردی کرد,7
سیاست ورزید,7
سیطره کرد,7
سیمان کرد,7
سیلی خورد,7
چرخش کرد,7
شانه کرد,7
چاک خورد,7
چاک داد,7
چرخ کرد,7
دستشویی کرد,7
حکمیت کرد,7
دریبل زد,7
دزدی کرد,7
جوانه کرد,7
جوانی کرد,7
حرافی کرد,7
سکنی داد,7
سلام گفت,7
سلوک کرد,7
حکم‌فرمایی کرد,7
چشم خورد,7
چشم زد,7
مزه‌مزه کرد,7
استماع کرد,7
اسکورت کرد,7
بلوف زد,7
برطرف کرد,7
استعانت کرد,7
ترخیص کرد,7
اکتشاف کرد,7
پرهیز داد,7
اسم‌نویسی کرد,7
الهام کرد,7
عکاسی کرد,7
اغتشاش کرد,7
بهانه آورد,7
حق‌کشی کرد,7
عصیان کرد,7
قدرت‌نمایی کرد,7
غفلت ورزید,7
غبطه خورد,7
قایق‌سواری کرد,7
قرض کرد,7
غلت خورد,7
قالب‌گیری کرد,7
قالب‌بندی کرد,7
قاب کرد,7
فهرست‌برداری کرد,7
فهرست‌بندی کرد,7
فرهنگ‌سازی کرد,7
فراخوانی کرد,7
عبرت گرفت,7
عزا گرفت,7
عایق‌کاری کرد,7
عیادت کرد,7
عطرافشانی کرد,7
عروسی کرد,7
عربده زد,7
عربده کشید,7
عملگی کرد,7
استنساخ کرد,7
استرداد کرد,7
استحاله کرد,7
چماق کرد,7
قانون‌گذاری کرد,7
بی‌اعتنایی کرد,7
زن داد,7
انبار کرد,7
انتساب کرد,7
بنیان‌گذاری کرد,7
گردن گرفت,7
پنهان‌کاری کرد,7
پیچ داد,7
تک‌نوازی کرد,7
تخیل کرد,7
تصنیف کرد,7
زایمان کرد,7
حاکمیت کرد,7
شکوفه کرد,7
حجامت کرد,7
زمینه‌چینی کرد,7
صفحه‌آرایی کرد,7
حاضرجوابی کرد,7
شکاف داد,7
حراج کرد,7
صرفه‌جویی کرد,7
زمین زد,7
خالکوبی کرد,7
خبرسازی کرد,7
حسادت کرد,7
قهقهه زد,7
پس فرستاد,7
پایه‌گذاری کرد,7
پرستش کرد,7
پرگویی کرد,7
پیمانه کرد,7
پیش‌فروش کرد,7
پوست کرد,7
تابش کرد,7
تاراج کرد,7
پیکربندی کرد,7
تار کرد,7
آب‌رسانی کرد,7
آشیانه کرد,7
پی‌ریزی کرد,7
عقب‌نشینی کرد,7
بی‌وفایی کرد,7
بی‌تجربگی کرد,7
پرسش کرد,7
بی‌قراری کرد,7
پارو کرد,7
بهانه‌گیری کرد,7
پارتی‌بازی کرد,7
بهانه گرفت,7
بهانه کرد,7
پیچ زد,7
پیشکش داشت,7
تأسیس نهاد,7
تبخیر کرد,7
تأدیب کرد,7
تأدیه کرد,7
تأکید ورزید,7
باج‌گیری کرد,7
پس افتاد,7
پرده‌برداری کرد,7
پژوهش کرد,7
موضع‌گیری کرد,7
پذیرش کرد,7
پرخوری کرد,7
پچ‌پچ کرد,7
بی‌رحمی کرد,7
بهره‌کشی کرد,7
تجلی داد,7
تجارت کرد,7
دیده‌بانی کرد,7
رانش کرد,7
دلیری کرد,7
موج‌سواری کرد,7
سرخ کرد,7
رتبه‌بندی کرد,7
رایت کرد,7
شوهر کرد,7
کلید زد,7
جنایت کرد,7
تحدی کرد,7
تجمیع کرد,7
تخلیه کرد,7
تراشکاری کرد,7
نظارت داشت,7
پوشش داشت,7
تخمین کرد,7
ترقی داد,7
تشریح داد,7
تست کرد,7
تسویه کرد,7
تعامل کرد,7
رغبت کرد,7
دوراندیشی کرد,7
خیانت ورزید,7
رکوع کرد,7
درجه‌بندی کرد,7
خیمه زد,7
دین‌فروشی کرد,7
مهر زد,7
تکلف کرد,7
تسامح کرد,7
تعلیم دید,7
تقسیط کرد,7
سرفه کرد,7
سنجش کرد,7
خرخر کرد,7
سوزن‌دوزی کرد,7
سنگ‌باران کرد,7
تنقیه کرد,7
تنگ‌نظری کرد,7
تودیع کرد,7
ثانیه‌شماری کرد,7
تهذیب کرد,7
تهویه کرد,7
برنامه‌نویسی کرد,7
صحافی کرد,7
دانه کرد,7
رد زد,7
رکوردشکنی کرد,7
دباغی کرد,7
رکاب زد,7
رده‌بندی کرد,7
گره خورد,7
گزارش کرد,7
گزینش کرد,7
جاروب زد,7
ثواب کرد,7
بمب‌گذاری کرد,7
برف‌بازی کرد,7
بندبازی کرد,7
بخشنامه کرد,7
بگومگو کرد,7
فصل‌بندی کرد,7
فهرست کرد,7
فضولی کرد,7
گام زد,7
گارد گرفت,7
گردن زد,7
گاز گرفت,7
گازرسانی کرد,7
گدایی کرد,7
گردآوری کرد,7
قدرشناسی کرد,7
قارقار کرد,7
قتل کرد,7
قصاص کرد,7
قیمت‌گذاری کرد,7
قیمت گذاشت,7
قول‌نامه کرد,7
قصور ورزید,7
غوطه خورد,7
کهیر زد,7
کم‌فروشی کرد,7
کمانه کرد,7
کنایه زد,7
کرایه داد,7
کشیک داد,7
کلیک کرد,7
کدگذاری کرد,7
کفران کرد,7
کوک زد,7
کمک‌رسانی کرد,7
کتک‌کاری کرد,7
حکایت کرد,7
خضاب کرد,7
خلافت کرد,7
خلقت کرد,7
خنده کرد,7
خو گرفت,7
خواب رفت,7
خوش‌گذرانی کرد,7
خوشحالی کرد,7
خوشنویسی کرد,7
درز گرفت,7
دست برد,7
دست خورد,7
دشمن‌تراشی کرد,7
دعوی کرد,7
رمزگذاری کرد,7
روشنگری کرد,7
رهایی داد,7
ریتم گرفت,7
ریسه رفت,7
ریشه گرفت,7
زاویه گرفت,7
زبان‌درازی کرد,7
زبانه کشید,7
زمان برد,7
زمینه‌سازی کرد,7
زیاد آورد,7
زینت داد,7
زینت کرد,7
سامان‌دهی کرد,7
گشت زد,7
گشت‌زنی کرد,7
گفت کرد,7
گلایه کرد,7
گلدوزی کرد,7
گل‌سازی کرد,7
گواه گرفت,7
گویندگی کرد,7
غژغژ کرد,7
قل‌قل کرد,7
رنده کرد,7
رنگ‌آمیزی کرد,7
رویارویی کرد,7
خجالت داد,7
زراعت کرد,7
چنبره زد,7
حاشا کرد,7
ختنه کرد,7
خسوف کرد,7
رونق داد,7
زمان‌بندی کرد,7
چنگ انداخت,7
تقدس‌زدایی کرد,7
تقدس کرد,7
تفت داد,7
تفضل کرد,7
تفأل زد,7
ترور کرد,7
تزویج کرد,7
تضرع کرد,7
تصویر کرد,7
جبهه‌گیری کرد,7
جر کرد,7
جریان گرفت,7
جراحی کرد,7
جرزنی کرد,7
هم زد,7
جدول‌بندی کرد,7
تلقیح کرد,7
تمثیل کرد,7
تناول کرد,7
تمدن‌سازی کرد,7
جست کرد,7
تخطی ورزید,7
تراوش کرد,7
تضعیف ساخت,7
صیقل داد,7
صیقل زد,7
طبقه‌بندی کرد,7
طفره رفت,7
لحظه‌شماری کرد,7
لشگرکشی کرد,7
خوش‌طبعی کرد,7
زورگیری کرد,7
زه‌کشی کرد,7
لحاظ کرد,7
لیست کرد,7
لیف زد,7
مایه گرفت,7
گشت کرد,7
گل انداخت,7
گله‌گذاری کرد,7
مبادرت ورزید,7
مبادله کرد,7
گلوله‌باران کرد,7
معنا کرد,7
مشروعیت‌زدایی کرد,7
مصاحبت کرد,7
مصاف کرد,7
عاریت داد,7
فرافکنی کرد,7
فرمایش کرد,7
فاصله داد,7
فواره کرد,7
فکس زد,7
فیلترگذاری کرد,7
فرمت کرد,7
فرصت‌سوزی کرد,7
فزونی داد,7
گردن نهاد,7
غم خورد,7
ملامت کرد,7
ملحوظ داشت,7
منگنه کرد,7
مهمانی داد,7
ندا داد,7
مقاومت ورزید,7
مواظبت کرد,7
موضوع‌بندی کرد,7
نام گذاشت,7
نامزد کرد,7
نزاع کرد,7
نسخه پیچید,7
نبرد کرد,7
نقالی کرد,7
نقل داد,7
نقش‌آفرینی کرد,7
نگهبانی کرد,7
نگارش کرد,7
نق زد,7
نغمه‌سرایی کرد,7
میل زد,7
مهمان‌نوازی کرد,7
میدان‌داری کرد,7
مین‌گذاری کرد,7
میانجی‌گری کرد,7
ناسازگاری کرد,7
ناله کشید,7
ناله زد,7
نام‌نویسی کرد,7
نعره کشید,7
نظرخواهی کرد,7
نظریه‌پردازی کرد,7
مرزبندی کرد,7
نشانه‌گیری کرد,7
نشانه رفت,7
نت‌برداری کرد,7
معصیت کرد,7
معنا داد,7
مباحثه کرد,7
مغازله کرد,7
مغالطه کرد,7
مفسده کرد,7
مفهوم‌سازی کرد,7
گواهی کرد,7
مچ‌گیری کرد,7
مشیت کرد,7
مصروف داشت,7
مصلحت‌اندیشی کرد,7
مظلوم‌نمایی کرد,7
معارضه کرد,7
معارفه کرد,7
معاوضه کرد,7
بخشندگی کرد,7
بع‌بع کرد,7
زبانه زد,7
سنگ‌نوردی کرد,7
شبهه کرد,7
شخصیت‌پردازی کرد,7
شوهر داد,7
شیرین‌کاری کرد,7
صافکاری کرد,7
صحنه‌آرایی کرد,7
صورت داد,7
جوش خورد,7
جوش داد,7
چشم‌زخم زد,7
خودخوری کرد,7
خودارضایی کرد,7
دلتنگی کرد,7
لوله کرد,7
مثال آورد,7
مداومت کرد,7
مدرسه‌سازی کرد,7
مدیحه‌سرایی کرد,7
جولان داد,7
چشم‌غره رفت,7
چک کشید,7
خوش داشت,7
خوش کرد,7
دنباله‌روی کرد,7
دوام کرد,7
رحمت کرد,7
سیاسی‌کاری کرد,7
واکس زد,7
سنگ‌پرانی کرد,7
شعله زد,7
شل گرفت,7
شماره کرد,7
شهود کرد,7
نقش زد,7
نهیب زد,7
نمونه آورد,7
نمونه‌سازی کرد,7
نیشخند زد,7
نیشتر زد,7
نیرنگ زد,7
نمره آورد,7
نورافشانی کرد,7
ورق خورد,7
وارسی کرد,7
مراوده کرد,7
مرثیه‌سرایی کرد,7
مردم‌آزاری کرد,7
مرمت کرد,7
مزاح کرد,7
مزمزه کرد,7
مسابقه گذاشت,7
مساعدت کرد,7
کناره جست,7
خودسوزی کرد,7
دندان زد,7
کار افتاد,7
پای آمد,7
چشم افتاد,7
باد رفت,7
هدف‌گیری کرد,7
همگرایی کرد,7
علامت زد,7
همنوایی کرد,7
هواداری کرد,7
هزیمت داد,7
هجوم برد,7
نیابت کرد,7
نشخوار کرد,7
وقت‌گذرانی کرد,7
وزنه‌برداری کرد,7
وجین کرد,7
وراجی کرد,7
ویزیت کرد,7
یارگیری کرد,7
یکه‌تازی کرد,7
یکپارچه‌سازی کرد,7
مساوات کرد,7
مشاجره کرد,7
مشارکت داد,7
مایه گذاشت,7
اشاعه داد,7
اطفا کرد,7
متابعت کرد,7
متارکه کرد,7
مثال زد,7
وصله خورد,7
ویراژ داد,7
یخ زد,7
یاوه‌گویی کرد,7
مجری‌گری کرد,7
محاربه کرد,7
استیضاح کرد,7
اشتغال‌زایی کرد,7
اعلان داشت,7
افول کرد,7
اقبال کرد,7
امان داشت,7
محسوب داشت,7
مخاصمه کرد,7
استقرار داد,7
استقراض کرد,7
اعانت کرد,7
اعمال داشت,7
افاقه کرد,7
افسون کرد,7
افشاگری کرد,7
اقرار داشت,7
اکراه کرد,7
التفات کرد,7
التیام داد,7
الک کرد,7
بمباران کرد,7
بنیان کرد,7
آستر کرد,7
آمار گرفت,7
بارش گرفت,7
بارگذاری کرد,7
آب افتاد,7
آتش‌افروزی کرد,7
بازنمایی کرد,7
لک آورد,7
مستی کرد,7
مشاعره کرد,7
بانگ کرد,7
بدعت‌گذاری کرد,7
برابری کرد,7
برف‌روبی کرد,7
انتزاع کرد,7
استراق کرد,7
امضا زد,7
امساک کرد,7
اهمال کرد,7
ایست کرد,7
بنا گذارد,7
اسپری کرد,7
استحصال کرد,7
بنیاد گذارد,7
بنیاد گذاشت,7
امتیازگیری کرد,7
نکاح کرد,7
تفسیر کرد,6
قرائت کرد,6
تقویت کرد,6
همراه داشت,6
روایت کرد,6
برگزار کرد,6
فرجام‌خواهی کرد,6
خودنمایی کرد,6
جا گرفت,6
منع کرد,6
جا انداخت,6
تضعیف کرد,6
فریاد کشید,6
رواج داد,6
وارد کردن,6
کاهش یافت,6
نوازش کرد,6
سقوط کرد,6
تعهد کرد,6
فرق گذارد,6
تمارض کرد,6
تمتع کرد,6
تله‌پاتی کرد,6
نگاه داشت,6
تمنا کرد,6
تندی کرد,6
جاسازی کرد,6
جاده‌سازی کرد,6
رهنمون داشت,6
بد آمد,6
تولید شد,6
وارد آمد,6
کش آمد,6
حفظ شد,6
فالگوش ایستاد,6
مکالمه کرد,6
استنکاف کرد,6
شجاعت کرد,6
استفاده نمود,6
دود داد,6
درخشش گرفت,6
تقدیس کرد,6
احتجاج کرد,6
پشت زد,6
طبابت کرد,6
ضعف کرد,6
ضمیمه کرد,6
سازگاری کرد,6
داستان‌نویسی کرد,6
دهن‌دره کرد,6
حماسه‌آفرینی کرد,6
بردباری کرد,6
سیاحت کرد,6
سودجویی کرد,6
برخورد شد,6
لطف کرد,6
اذعان کرد,6
تأمین شد,6
بر گرفت,6
ازدیاد کرد,6
خرده‌گیری کرد,6
صحنه‌سازی کرد,6
صلح داد,6
خراش خورد,6
سرشماری کرد,6
دست‌چین کرد,6
سرپوش گذارد,6
سراغ گرفت,6
سخاوت کرد,6
سینه‌زنی کرد,6
جنب کرد,6
شماتت کرد,6
شیطنت کرد,6
سوگند داد,6
سهل‌انگاری کرد,6
سیادت کرد,6
چشم بست,6
دست‌کاری کرد,6
دریبل کرد,6
چشم‌چرانی کرد,6
چشم کرد,6
سوارکاری کرد,6
سوهان کرد,6
سوخت‌رسانی کرد,6
جوجه کرد,6
چکاپ کرد,6
توصیه شد,6
یافت شد,6
امدادرسانی کرد,6
امتیازبندی کرد,6
عضوگیری کرد,6
قایق‌رانی کرد,6
روی آورد,6
فهرست‌نویسی کرد,6
فکس کرد,6
فرمانروایی کرد,6
فرمان‌برداری کرد,6
فرق گذاشت,6
عتاب کرد,6
دشمنی ورزید,6
عناد ورزید,6
عذاب داد,6
ذکر شد,6
فلش کرد,6
چاپ شد,6
انبوه‌سازی کرد,6
تفاوت گذارد,6
پای گرفت,6
آبیاری کرد,6
بنیان گذارد,6
بی‌انصافی کرد,6
بهره‌برداری کرد,6
پهلو زد,6
پیام‌رسانی کرد,6
پول‌شویی کرد,6
پیرایش کرد,6
تفرج کرد,6
تشجیع کرد,6
خاکسپاری کرد,6
روزنامه‌نگاری کرد,6
پی گذارد,6
ایمن‌سازی کرد,6
آمارگیری کرد,6
بازاریابی کرد,6
پیش آورد,6
بی‌مهری کرد,6
پست کرد,6
بی‌تابی کرد,6
بی‌حرمتی کرد,6
پاشویه کرد,6
کفر ورزید,6
پیش خواند,6
تابلو کرد,6
تأثیر گذارد,6
تأکید نهاد,6
بی‌عدالتی کرد,6
بهینه‌سازی کرد,6
بی‌نظمی کرد,6
بی‌وجدانی کرد,6
پایه‌ریزی کرد,6
پایین زد,6
بهانه‌جویی کرد,6
پایکوبی کرد,6
مقاوم‌سازی کرد,6
کفاف کرد,6
سماجت کرد,6
جمله‌سازی کرد,6
تحریر کرد,6
تحریض کرد,6
تزکیه کرد,6
ذخیره نهاد,6
رشادت کرد,6
ذخیره‌سازی کرد,6
رانت‌خواری کرد,6
تفتیش کرد,6
تعلم کرد,6
تکلیف کرد,6
تقویم کرد,6
تندروی کرد,6
تنزیل کرد,6
توقیع کرد,6
تیغه کرد,6
برادری کرد,6
خرناسه کشید,6
صحنه‌پردازی کرد,6
گزین کرد,6
جانمایی کرد,6
نسخه‌برداری کرد,6
آشیان کرد,6
بچگی کرد,6
فراهم دید,6
فتنه‌گری کرد,6
گران‌فروشی کرد,6
گردن کشید,6
گاز زد,6
گرو کشید,6
قبض کرد,6
قلمه زد,6
قالب کرد,6
قیافه گرفت,6
قولنج کرد,6
قمار کرد,6
قرعه‌کشی کرد,6
قشون‌کشی کرد,6
غوطه زد,6
کفاره داد,6
کمین گرفت,6
کارگری کرد,6
کاسبی کرد,6
کودتا کرد,6
کلاهبرداری کرد,6
کولاک کرد,6
کنفرانس داد,6
کنجکاوی کرد,6
خصومت کرد,6
نوآوری کرد,6
دسیسه‌چینی کرد,6
رهگیری کرد,6
ریخت کرد,6
ریشخند زد,6
زمان گذاشت,6
زیور کرد,6
سادگی کرد,6
سامان پذیرفت,6
سپرده‌گذاری کرد,6
ستون کرد,6
گل‌افشانی کرد,6
لاپوشانی کرد,6
قدرت‌طلبی کرد,6
ناز کرد,6
قلاب‌دوزی کرد,6
قرعه کشید,6
همخوانی کرد,6
همهمه کرد,6
کفاشی کرد,6
کله‌شقی کرد,6
حسد برد,6
حاصل داشت,6
کسوف کرد,6
ریشه‌یابی کرد,6
زجرکش کرد,6
تکدی‌گری کرد,6
تک‌گویی کرد,6
تقطیر کرد,6
تفنن کرد,6
تفقد کرد,6
تبیین ساخت,6
جایگذاری کرد,6
جای‌گیری کرد,6
تمشیت کرد,6
تمهید کرد,6
جسارت کرد,6
تکوین داد,6
تذلل کرد,6
تکه کرد,6
تحفه کرد,6
خوشه کرد,6
استقامت ورزید,6
دل برید,6
زیرگیری کرد,6
سعایت کرد,6
لجام کرد,6
عمل‌آوری کرد,6
عاریه کرد,6
عصب‌کشی کرد,6
فرآوری کرد,6
فرش کرد,6
فر خورد,6
فرصت کرد,6
غنیمت گرفت,6
قسمت کرد,6
قیمت کرد,6
قیامت کرد,6
کاریابی کرد,6
مهر کرد,6
مناجات کرد,6
ناسپاسی کرد,6
ناشیگری کرد,6
مهندسی کرد,6
نقادی کرد,6
نصیب کرد,6
نوسان کرد,6
نگاهداری کرد,6
نوسازی کرد,6
نشانه گذاشت,6
نظاره داشت,6
نصرت کرد,6
معروض داشت,6
گوشت آورد,6
لانه‌گذاری کرد,6
مشاوره کرد,6
مطایبه کرد,6
مضایقه داشت,6
ارتزاق کرد,6
استانداردسازی کرد,6
زوزه کرد,6
سفسطه کرد,6
سنگدلی کرد,6
سوئیچ کرد,6
شیهه زد,6
جوشکاری کرد,6
خانه کرد,6
خشونت کرد,6
مباشرت داشت,6
مباشرت کرد,6
مداوا کرد,6
مذمت کرد,6
دیکتاتوری کرد,6
ساختارسازی کرد,6
ساده‌اندیشی کرد,6
سیاست‌گذاری کرد,6
شراره کشید,6
شست کرد,6
نمایه کرد,6
نمونه‌گیری کرد,6
نوبت‌بندی کرد,6
مرعی داشت,6
مژه زد,6
مسامحه ورزید,6
هدف‌گذاری کرد,6
هدر رفت,6
همسویی کرد,6
همانندسازی کرد,6
همدردی کرد,6
همدستی کرد,6
علاوه کرد,6
عکس انداخت,6
اسکان گرفت,6
بغض کرد,6
گروکشی کرد,6
همه‌پرسی کرد,6
همنوازی کرد,6
هجوم کرد,6
نشأت گرفت,6
نرخ‌گذاری کرد,6
نظافت کرد,6
نمره کرد,6
یورش کرد,6
وقت‌کشی کرد,6
ورزش کرد,6
وساطت کرد,6
ویراستاری کرد,6
وجدان کرد,6
مسألت کرد,6
مسامحه کرد,6
مأوا گرفت,6
زانو آورد,6
میان نهاد,6
مباهات کرد,6
مباهله کرد,6
مثل زد,6
مادری کرد,6
طناب‌بازی کرد,6
وزوز کرد,6
یادداشت‌برداری کرد,6
یقین آورد,6
یکسان‌سازی کرد,6
استنکاف ورزید,6
اشارت داشت,6
اغماض کرد,6
اقامه داشت,6
اقتباس کرد,6
هرج کرد,6
طهارت گرفت,6
محکم‌کاری کرد,6
استقرار داشت,6
استقرار گرفت,6
اعراض داشت,6
اعزام داشت,6
الفت داد,6
بازیگری کرد,6
آتشفشان کرد,6
برق‌رسانی کرد,6
کارزار کرد,6
بارانداز کرد,6
آزمایش داد,6
بازآفرینی کرد,6
لقب نهاد,6
مست کرد,6
مشاورت کرد,6
مقاله‌نویسی کرد,6
بازیافت کرد,6
بدل کرد,6
انتقام‌جویی کرد,6
امید بست,6
وجود کرد,6
بست زد,6
بلوا کرد,6
بنایی کرد,6
ارزانی داشت,6
استارت زد,6
استدعا داشت,6
بند زد,6
امتزاج کرد,6
انعکاس داد,6
واگذار شد,5
جابجا شد,5
تأکید شد,5
نگه داشتن,5
انتقال کرد,5
پرسه زد,5
تعریف شد,5
جستجو کرد,5
توجه شد,5
ذکر کرد,5
نقد کرد,5
افزایش کرد,5
ترجمه کرد,5
کوتاه آمد,5
دوام آورد,5
جذب شد,5
تخمین زد,5
هجرت کرد,5
تعارف کرد,5
تأسیس شد,5
ابقا شد,5
تماشا کرد,5
شکر کرد,5
کار داشت,5
فراموش شد,5
لازم داشت,5
پا شد,5
ترکیب شد,5
تلقی داشت,5
ارسال نمود,5
خواب برد,5
سر داشت,5
حاصل کرد,5
هدیه داد,5
جان داد,5
بدل شد,5
گوش داشت,5
سلام کردن,5
سلب کرد,5
دست کرد,5
تفصیل داد,5
ارسال شد,5
ابطال کرد,5
احقاق کرد,5
قرار دادن,5
تخمک‌گذاری کرد,5
ترش کرد,5
ساختمان‌سازی کرد,5
دوران کرد,5
حضانت کرد,5
لمس کرد,5
شایعه کرد,5
انصراف داد,5
شکاف خورد,5
منتقل شد,5
ارزش گذاشت,5
برچسب زد,5
پس داد,5
راه یافت,5
حیله کرد,5
صفیر زد,5
چوب‌کاری کرد,5
خانه‌داری کرد,5
شهرک‌سازی کرد,5
جهالت کرد,5
حوصله کرد,5
سشوار کرد,5
دروغ‌پراکنی کرد,5
کار کردن,5
چرخ داد,5
سیم‌کشی کرد,5
درزبندی کرد,5
سودرسانی کرد,5
سوادآموزی کرد,5
سوسو کرد,5
سمبل کرد,5
حقه‌بازی کرد,5
کاوش کرد,5
قرار گرفتن,5
امپراتوری کرد,5
اسپری زد,5
غنی‌سازی کرد,5
فروتنی کرد,5
فرمانبری کرد,5
پرهیز داشت,5
نقل شد,5
انعام کرد,5
ذخیره شد,5
بهبود یافت,5
بی‌توجهی کرد,5
تحقق کرد,5
تداوم کرد,5
تشرف کرد,5
انس گرفت,5
انشعاب کرد,5
تقلیل کرد,5
زیرسازی کرد,5
بهبود کرد,5
حراست کرد,5
روان‌کاوی کرد,5
روانه کرد,5
پاک‌سازی کرد,5
آوانگاری کرد,5
پلاک کرد,5
پاسخ‌گویی کرد,5
بی‌آبرویی کرد,5
تباه کرد,5
تأویل کرد,5
پرده‌دری کرد,5
پدیدار کرد,5
تحدید کرد,5
هواگیری کرد,5
غل زد,5
تنقیح کرد,5
توفان کرد,5
تذهیب کرد,5
تهییج کرد,5
تیمم کرد,5
تهجد کرد,5
خرناس کشید,5
هم کوفت,5
خاطرنشان داشت,5
گستاخی کرد,5
گزافه‌گویی کرد,5
گریم کرد,5
گسیل کرد,5
جا گذارد,5
تیزهوشی کرد,5
جاه‌طلبی کرد,5
آرایشگری کرد,5
بازارگرمی کرد,5
فغان کرد,5
فیلم‌سازی کرد,5
فرم داد,5
قایم کرد,5
قیل کرد,5
کاهلی کرد,5
کارشکنی کرد,5
کلاس گذاشت,5
کشاورزی کرد,5
کیفر داد,5
کوهپیمایی کرد,5
حواس‌پرتی کرد,5
خوش‌رویی کرد,5
دسیسه کرد,5
دعوت داشت,5
رمزگشایی کرد,5
رنگ داد,5
رؤیاپردازی کرد,5
زندگانی کرد,5
روایت شد,5
سازندگی کرد,5
سرویس‌رسانی کرد,5
گوش‌مالی داد,5
غبارزدایی کرد,5
قلاب‌بافی کرد,5
غلغله کرد,5
غوطه داد,5
هاشور زد,5
هوادهی کرد,5
هیپنوتیزم کرد,5
کفسازی کرد,5
کفاف داد,5
کج‌روی کرد,5
کامجویی کرد,5
رنگ زد,5
حاشیه‌دوزی کرد,5
تحمیل داشت,5
تفریق کرد,5
تعبد کرد,5
وفا کرد,5
جان کند,5
جداسازی کرد,5
جدل کرد,5
تکلم داشت,5
تردید ورزید,5
تسامح ورزید,5
همدلی کرد,5
تصعید کرد,5
تشعشع کرد,5
تشریف‌فرمایی کرد,5
تسلیم داشت,5
تصویرپردازی کرد,5
تطاول کرد,5
تزاحم کرد,5
تخم‌گذاری کرد,5
لحیم کرد,5
زورگویی کرد,5
سریال‌سازی کرد,5
لگد خورد,5
گمانه‌زنی کرد,5
لابه کرد,5
عادت‌زدایی کرد,5
عمارت کرد,5
فاصله‌گذاری کرد,5
فرود کرد,5
کندی کرد,5
فروگذاری کرد,5
ممانعت ورزید,5
نظرسنجی کرد,5
نشانه‌گذاری کرد,5
معاضدت کرد,5
رمزشکنی کرد,5
زرد کرد,5
شبکه کرد,5
شبیه‌خوانی کرد,5
شیون کرد,5
صدارت کرد,5
صورت‌بندی کرد,5
لرز کرد,5
مدل‌برداری کرد,5
مرافعه کرد,5
بچه کرد,5
جیک‌جیک کرد,5
دلربایی کرد,5
دین‌زدایی کرد,5
ساختاربندی کرد,5
سالم‌سازی کرد,5
سریان کرد,5
سیخ زد,5
شگون داشت,5
وعده داد,5
نوازندگی کرد,5
نورپردازی کرد,5
جای آورد,5
پی داشت,5
سر گرفت,5
هم‌اندیشی کرد,5
همگامی کرد,5
علاقه ورزید,5
عکس‌برداری کرد,5
عداوت کرد,5
بخیه کرد,5
همنشینی کرد,5
همسان‌سازی کرد,5
همیاری کرد,5
وصلت کرد,5
وصول کرد,5
اطاعت ورزید,5
غنیمت برد,5
مبادله داشت,5
طعمه کرد,5
مجاورت کرد,5
عشق‌بازی کرد,5
عشق‌ورزی کرد,5
همخوابگی کرد,5
کورتاژ کرد,5
میگساری کرد,5
نزدیکی کرد,5
صیغه کرد,5
اسکان داشت,5
قصابی کرد,5
کف زد,5
کنکاش کرد,5
کارآموزی کرد,5
نشانه کرد,5
نظام داد,5
نوگرایی کرد,5
نوحه کرد,5
نسخه کرد,5
نت‌نویسی کرد,5
عصاره‌گیری کرد,5
صیحه زد,5
طبع‌آزمایی کرد,5
طهارت کرد,5
طنین کرد,5
وفاق کرد,5
واهمه کرد,5
کمپرس کرد,5
کورسو زد,5
میعان کرد,5
مقیاس کرد,5
منازعت کرد,5
اعتزال کرد,5
اعلان داد,5
افساد کرد,5
افسونگری کرد,5
اقتضا داشت,5
قاب‌بندی کرد,5
قلمدوش کرد,5
قلم‌فرسایی کرد,5
قلم زد,5
قامت کشید,5
قارچ زد,5
غلیان کرد,5
قیچی کرد,5
جیب‌بری کرد,5
باغبانی کرد,5
آتش‌بازی کرد,5
کنده‌کاری کرد,5
کشورگشایی کرد,5
کدگشایی کرد,5
مهریه کرد,5
بازپروری کرد,5
بخش کرد,5
بدعت گذارد,5
الغا کرد,5
استفهام کرد,5
رونق کرد,5
سامان کرد,5
صدور کرد,5
فیصله کرد,5
گسترش کرد,5
لزوم کرد,5
شفا کرد,5
نقصان کرد,5
بسترسازی کرد,5
بند انداخت,5
استخفاف کرد,5
امتداد داشت,5
امتناع داشت,5
استدلال فرمود,5
فیلم کرد,5
قالب زد,5
غرولند کرد,5
نم داد,5
برتری کرد,5
انتقال یافت,4
گسترش یافت,4
ارزیابی کرد,4
جابه‌جا کرد,4
ترانزیت شد,4
آتش زدن,4
دعوا شد,4
کتابت کرد,4
ابداع کرد,4
دلگرم کرد,4
تبرئه کرد,4
سؤال شد,4
بنا شد,4
خلق شد,4
تصویربرداری شد,4
تزریق کرد,4
تکذیب کرد,4
استعلام کرد,4
ختم شد,4
نگاه کردن,4
آب کرد,4
تغذیه شد,4
تلقی شد,4
تملق کرد,4
بوسه کرد,4
اعمال شد,4
رنگرزی کرد,4
احتمال داد,4
جا داشت,4
مقایسه کرد,4
انجام دادن,4
دوست داشتن,4
فکر کردن,4
استراحت کرد,4
استقامت کرد,4
رد شد,4
ریشه دواند,4
زندگی کردن,4
رو داد,4
اتخاذ شد,4
ابطال شد,4
ساده‌انگاری کرد,4
زیاد آمد,4
حریم‌شکنی کرد,4
شرشر کرد,4
مسواک زدن,4
خرافه‌پرستی کرد,4
صداگذاری کرد,4
خباثت کرد,4
سونوگرافی کرد,4
گفتگو کرد,4
امداد کرد,4
ارعاب کرد,4
ظن برد,4
غلط‌گیری کرد,4
فیش‌برداری کرد,4
فرماندهی کرد,4
نفی کرد,4
تعبیه شد,4
کشف شد,4
بنا کرد,4
پدید آمدن,4
بودجه‌بندی کرد,4
پیوند کرد,4
تحول کرد,4
تخصیص کرد,4
تسکین کرد,4
تسلی کرد,4
تشخص کرد,4
تطبیق کرد,4
تعلق کرد,4
املا کرد,4
انتحار کرد,4
اقدام ورزید,4
انجام پذیرفت,4
انطباق داد,4
ائتلاف کرد,4
پدیدار شد,4
حدوث کرد,4
حساب‌رسی کرد,4
روان‌درمانی کرد,4
لذت برد,4
رفع شد,4
پاس‌کاری کرد,4
پارتیشن‌بندی کرد,4
بی‌نزاکتی کرد,4
پیه آورد,4
تاخت برد,4
تذکر داد,4
واگذار کرد,4
تحول داد,4
اعزام شد,4
مصرف شد,4
روزنامه‌فروشی کرد,4
رذالت کرد,4
تفریط کرد,4
تفحص کرد,4
تندنویسی کرد,4
گرو گرفت,4
آدم‌ربایی کرد,4
آوانویسی کرد,4
کرامت کرد,4
کوهنوردی کرد,4
خنثی کرد,4
پا کرد,4
رویش کرد,4
زبان‌بازی کرد,4
گود افتاد,4
گوشمالی داد,4
همپوشانی کرد,4
هلهله کرد,4
کابل‌کشی کرد,4
کج‌خلقی کرد,4
روی نهاد,4
تحلیف کرد,4
تقلا داشت,4
تلخیص کرد,4
پیدا کردن,4
تتبع کرد,4
سفاهت کرد,4
فایل کرد,4
فلاش زد,4
قرار گذارد,4
کتابداری کرد,4
میکس کرد,4
نویسندگی کرد,4
اسب‌دوانی کرد,4
شهامت کرد,4
خشونت‌زدایی کرد,4
خودبینی کرد,4
دلالت داشت,4
لوله‌کشی کرد,4
آغاز نهاد,4
داربست زد,4
سطحی‌نگری کرد,4
سفارت کرد,4
سکنی داشت,4
شوت‌زنی کرد,4
کار انداخت,4
پای آورد,4
مالش داد,4
زانو آمد,4
متانت کرد,4
عشوه کرد,4
کثافت‌کاری کرد,4
نطفه بست,4
اسلام‌زدایی کرد,4
نسل‌کشی کرد,4
نکویی کرد,4
نسیان کرد,4
عنوان‌بندی کرد,4
صیادی کرد,4
صیحه کشید,4
وعده گذاشت,4
ظلم‌ستیزی کرد,4
ملیله‌دوزی کرد,4
میهمان‌نوازی کرد,4
افراطی‌گری کرد,4
التجا کرد,4
گرو برد,4
غمزه کرد,4
غارتگری کرد,4
قطعیت داد,4
غیب‌گویی کرد,4
چاره‌اندیشی کرد,4
چاره‌اندیش کرد,4
جیرجیر کرد,4
کفالت کرد,4
آفرینش کرد,4
لقمه کرد,4
باقی گذارد,4
بر زد,4
برکت کرد,4
اکسیژن‌رسانی کرد,4
آب‌زدایی شد,4
آب‌زدایی کرد,4
عمومیت کرد,4
قطعیت کرد,4
شکست کرد,4
وسعت کرد,4
وقوع کرد,4
ولادت کرد,4
بساط زد,4
بازی‌گردانی کرد,4
الکترولیز کرد,4
اماله کرد,4
عملیات کرد,4
عیاشی کرد,4
عناد کرد,4
فقاهت کرد,4
غریبی کرد,4
خودکامگی کرد,4
ناپختگی کرد,4
نواربندی کرد,4
اختصاص کرد,4
ادامه کرد,4
ارتقا کرد,4
استقرار کرد,4
اطلاع کرد,4
انتشار کرد,4
انطباق کرد,4
آسیب کرد,4
آشنایی کرد,4
پایان کرد,4
پرورش کرد,4
سعی داشت,4
تفسیر شد,3
پایان دادن,3
پایان داد,3
یادآور شد,3
راه‌اندازی شد,3
تضمین داد,3
انتقال داد,3
خط زد,3
تجزیه کرد,3
در برد,3
عجله کرد,3
تبرئه شد,3
تطابق داد,3
حل شد,3
تصویربرداری کرد,3
سیلی زد,3
تزریق شد,3
تغییر دادن,3
فیصله داد,3
ابقا کرد,3
دور زد,3
آب کشید,3
جریمه شد,3
پیش رفت,3
تکمیل شد,3
پیش کشید,3
تمایز گذارد,3
یاد هست,3
کرنش کرد,3
پرخاش کرد,3
تلاش نمود,3
امضاء کرد,3
طاقت آورد,3
امر فرمود,3
محل گذاشت,3
استخدام کرد,3
زار زد,3
نصب شد,3
تقسیم کرد,3
هل داد,3
حذف شد,3
تکان خورد,3
تداعی شد,3
راه یافتن,3
جان آمد,3
سر برید,3
رو آمد,3
قائل شد,3
یاد شد,3
شهادت داد,3
جان خرید,3
حضور یافت,3
قدم زدن,3
ترجمه شد,3
اثر کرد,3
برطرف ساخت,3
غر زد,3
یورش برید,3
رقم خورد,3
ادا شد,3
همت گماشت,3
درایت کرد,3
رفع کرد,3
شناسایی شد,3
بازگو کردن,3
آموزش دید,3
سستی کرد,3
کرشمه کرد,3
قدم گذاشت,3
حفظ کردن,3
درو کرد,3
رانندگی کرد,3
دست دادن,3
کپی کرد,3
غش کرد,3
دگرگون شد,3
دلمه زد,3
احضار شد,3
عرضه شد,3
افسوس خورد,3
ثبت شد,3
ثبت گردید,3
پرس شد,3
مرتکب شد,3
اجرا گذارد,3
گزینش شد,3
تخریب شد,3
تفریح کردن,3
صلح کرد,3
توجه نمود,3
جبران شد,3
برطرف شد,3
تغییر یافت,3
مکر کرد,3
دنبال نمود,3
درست شد,3
خس‌خس کرد,3
نظر گرفتن,3
امضا شد,3
حکم راند,3
عمل شد,3
کوچ کرد,3
داغ کرد,3
بررسی شد,3
گوش دادن,3
فخرفروش کرد,3
فخرفروشی کرد,3
بهره برد,3
اندوخته کرد,3
جان باخت,3
تعلق داشت,3
خرج کردن,3
سرمایه‌گذاری کرد,3
تشکیل شد,3
بهره‌جویی شد,3
اضافه کردن,3
تشفی کرد,3
انابه کرد,3
خودکشی کرد,3
اندازه گرفت,3
انصاف داد,3
اعاده داد,3
تمایز کرد,3
رمزخوانی کرد,3
حسابرسی کرد,3
پاک‌سازی شد,3
معذور داشت,3
خطا کرد,3
پاس‌کاری شد,3
پاشویه شد,3
به‌سازی کرد,3
پختگی کرد,3
پایه‌ریزی شد,3
مرحمت فرمود,3
مقابله شد,3
حفر کرد,3
دم برد,3
خارش کرد,3
تندنویسی شد,3
تنقیح شد,3
توهین شد,3
خسارت داشت,3
بیان نمود,3
گرو نهاد,3
گرو گذارد,3
قیمت گذارد,3
آشتی کرد,3
دستمالی کرد,3
رمزنویسی کرد,3
روزنه کرد,3
بلد بود,3
رهنمایی کرد,3
راهنما کرد,3
رو نهاد,3
تصویب شد,3
جان کرد,3
تصدیق داشت,3
تصغیر کرد,3
تصحیف کرد,3
خوش‌زبانی کرد,3
زین کرد,3
نام گذارد,3
معمول داشت,3
مصلحت دید,3
اعطا شد,3
احیا داشت,3
یاد انداخت,3
خودرأیی کرد,3
عداوت ورزید,3
بانکداری کرد,3
جریان داشت,3
مایه کرد,3
میان گذارد,3
شیر داد,3
ملامسه کرد,3
استناد داشت,3
افتراق کرد,3
طمع برید,3
وقع گذاشت,3
منعکس کرد,3
مخاطب‌سازی کرد,3
غزل‌سرایی کرد,3
جریان یافت,3
مقاله‌نویسی شد,3
استفاده داشت,3
انتگرال‌گیری کرد,3
رهایی کرد,3
شهرت کرد,3
نجات یافت,3
امساک داشت,3
علم‌آموزی کرد,3
فاکتور کرد,3
فتنه کرد,3
فزونی کرد,3
غلط گرفت,3
مهار داشت,3
عودت کرد,3
طلب داشت,3
یکدندگی کرد,3
اتصال کرد,3
ارجاع کرد,3
امتداد کرد,3
وضع کرد,3
حک شد,2
دست داشتن,2
لو داد,2
جای گرفت,2
حرکت درآوردن,2
رؤیت شد,2
معرفی فرمود,2
کتابت شد,2
اضافه شد,2
اطلاق شد,2
تعیین شد,2
دنبال شد,2
تصویر کشیدن,2
رقابت کرد,2
پناه داد,2
بازپس گرفت,2
وانمود کرد,2
نائل شد,2
اکران شد,2
رهنمون کرد,2
واریز شد,2
مراعات شد,2
برخورد نمود,2
استمهال شد,2
تبدیل شدن,2
بازنمایی شد,2
ماچ کرد,2
سیر کرد,2
رقص کرد,2
دل سوزاند,2
قل خورد,2
علم کرد,2
علامت‌گذاری شد,2
خارج شد,2
رو انداخت,2
لک زد,2
سرد شد,2
پس گرفت,2
خنده گرفت,2
گریه کردن,2
دل کرد,2
بند آمد,2
سوق دادن,2
وسعت داد,2
فرض شد,2
ارزش‌گذاری شد,2
تقدیر شد,2
پرت شد,2
قفل شد,2
کار بست,2
نام‌گذاری شد,2
تحسین کرد,2
عنایت فرمود,2
محاسبه شد,2
سرپیچی نمود,2
تحصیل کرد,2
کار بردن,2
خروش آمد,2
گوشزد کرد,2
وسعت یافت,2
دوا کرد,2
شارژ شدن,2
ستوه آمد,2
شعار داد,2
نجات بخشید,2
قبول نمود,2
تهدید نمود,2
حال کرد,2
اجتناب شد,2
زبان گشود,2
اهمیت داد,2
مسواک زد,2
بخار شد,2
برتری داد,2
اذیت شد,2
جعل کرد,2
پا نشست,2
دعوت شد,2
بهره‌برداری نمود,2
بهبود بخشید,2
تلف کرد,2
نگاه داشتن,2
بلند کردن,2
توصیف شد,2
سازمان‌دهی کرد,2
تمام کردن,2
پذیرایی نمود,2
انفاق کرد,2
سکنی گزید,2
بت‌پرستی کرد,2
سر کشید,2
هدایت شد,2
اداره شد,2
اخراج شد,2
گره زد,2
قضا کرد,2
حرص خورد,2
جریان کرد,2
منزل کرد,2
تشییع شد,2
کنار گذارد,2
استثمار شد,2
دستور دادن,2
بسیج شد,2
استعمال شد,2
دریافت نمود,2
تصدیق فرمود,2
مجازات شد,2
اخذ کرد,2
جبران نمود,2
مدارا کرد,2
دست زدن,2
بازگو شد,2
فحاشی کرد,2
پاس داد,2
شرکت نمود,2
لعن کرد,2
غسل کرد,2
گذر کرد,2
هم خوردن,2
شروع نمود,2
پس گرفتن,2
حمله شد,2
تکرار شد,2
اغفال شد,2
امدادرسانی شد,2
معالجه شد,2
میان برد,2
عفو نمود,2
صید کرد,2
امتیازبندی شد,2
نصیب شد,2
لم داد,2
علامت گذارد,2
رهایی یافت,2
امر شد,2
مدح کرد,2
مقابله نمود,2
گول زد,2
هدر رفتن,2
پذیرش شد,2
درد آورد,2
دنگ گرفت,2
عکس گرفتن,2
خبر کرد,2
انبوه‌سازی شد,2
انتقاد شد,2
بازبینی شد,2
خاتمه یافت,2
معنی کردن,2
حقنه کرد,2
رهبری شد,2
گیر داد,2
سانسور کرد,2
فراموش کردن,2
طبخ کرد,2
القا نمود,2
چشم پوشید,2
استغفار نمود,2
اکتفا کرد,2
کار آمد,2
سعی شد,2
اندازه‌گیری شد,2
جمع‌آوری شد,2
شرک ورزید,2
سالم بودن,2
بغل کرد,2
بودجه‌بندی شد,2
عوض کردن,2
واریز کرد,2
بهره‌جویی کرد,2
پلک زدن,2
تأسیس کرد,2
ترک شد,2
تشکیل کرد,2
تعلیم کرد,2
تفوق کرد,2
ادبار کرد,2
اطلاق گرفت,2
پرورش یافت,2
روانکاوی کرد,2
نابود کرد,2
پایه‌گذاری شد,2
پرهیز شد,2
محاصره کرد,2
رنده شدن,2
تطبیق نمود,2
استخراج نمود,2
آوانگاری شد,2
بهره جست,2
بین بردن,2
بی‌مهری شد,2
پاسخ‌گویی شد,2
یخ زدن,2
پارتیشن‌بندی شد,2
احساس نمود,2
بی‌نزاکتی شد,2
جلوگیری شد,2
غارت شد,2
عنوان شد,2
تأویل شد,2
هشدار داد,2
پرده‌دری شد,2
بی‌بندوباری کرد,2
بهانه‌جویی شد,2
تحریک شد,2
آب شدن,2
محافظت شد,2
قرار داشتن,2
احترام کرد,2
زن گرفت,2
سکونت داشت,2
محاکمه شد,2
اعلام نمود,2
وارد شدن,2
تسخیر شد,2
جلوه داد,2
تکلیف شد,2
زهد ورزید,2
قبول شد,2
لمس کردن,2
تندروی شد,2
تبدیل گردید,2
تنزیل شد,2
توفان شد,2
تیم کرد,2
خریداری شد,2
شب‌زنده‌داری کرد,2
ته نشست,2
دهشت کرد,2
گزافه‌گویی شد,2
جانمایی شد,2
بذله‌گویی کرد,2
سپری شد,2
تحقق بخشید,2
بالا کشید,2
ادا نمود,2
نفس زد,2
کوه‌پیمایی کرد,2
خلاقیت کرد,2
خواب رفتن,2
مرمت گشت,2
دست‌مالی کرد,2
مشاهده نمود,2
رعایت نمود,2
لاپوشانی شد,2
همزمانی کرد,2
کادربندی کرد,2
رشک برد,2
تهیه نمود,2
ترور شد,2
جای‌گیری شد,2
جداسازی شد,2
جسارت شد,2
ترقی داشت,2
تعلل ورزید,2
رعایت شد,2
تصویرپردازی شد,2
تجاوز شد,2
لحیم شد,2
لجام شد,2
معنا شد,2
فایل شد,2
فاصله‌گذاری شد,2
دل خواست,2
مشیت شد,2
پیش برد,2
مباحثه نمود,2
رسته‌بندی کرد,2
طلب نمود,2
حسد ورزید,2
خودستایی کرد,2
تب کرد,2
مدل‌برداری شد,2
اسهال شد,2
دلبری کرد,2
ظاهر گشت,2
مرقوم شد,2
عطا فرمود,2
غلبه یافت,2
بخیه شد,2
حفظ نمود,2
وصل کرد,2
مایه گذارد,2
پیاده‌روی کرد,2
دوستی ورزید,2
نقض کرد,2
نهی شد,2
دنبال آمد,2
نم زد,2
وقع گذارد,2
یراق کرد,2
منزل داشت,2
بازنویسی کرد,2
تودیع شد,2
باغبان کرد,2
برق‌رسانی شد,2
سازماندهی شد,2
اثبات گردید,2
حفاری شد,2
بارانداز شد,2
بارگذاری شد,2
نگهداری شد,2
ارضا شد,2
مداخله شد,2
مست شد,2
شخم زدن,2
نامزد شد,2
ابراز شد,2
تصحیح نمود,2
هم خورد,2
افتتاح گردید,2
برگزار گردید,2
صورت کرد,2
سعی نمود,2
پدید آوردن,2
سر شد,2
عیب کرد,2
فروپاشی کرد,2
نسیه کرد,2
تعبیه نهاد,2
تقرب ورزید,2
مبادله شد,2
تملک شد,2
حرکت دادن,2
جاسازی شد,2
آشکارسازی شد,2
دفع کرد,2
اطلاع‌رسانی کرد,2
ارج نهاد,2
منظور شد,2
جان‌فشانی شد,2
اراده فرمود,2
تقویت شد,2
ارائه نمود,2
اهدا شد,2
تعویض شد,2
پیدا نمود,2
بزرگی کرد,2
امانت گذارد,2
تکثیر شد,2
رخ کشاند,1
ارزش‌گذاری کرد,1
بسط داد,1
قلمداد شد,1
سر دادن,1
تفکر است,1
قتل‌عام کرد,1
ثابت نمود,1
استخراج شد,1
پهلوگیری کرد,1
ترانزیت کرد,1
نادیده گرفتن,1
تاثیر گذاشت,1
تبعید شد,1
مطالعه شد,1
مراجعه کند,1
تدبیر شد,1
تجدید نمود,1
منجر شد,1
دلار داد,1
منع شد,1
همراه داشتن,1
خلعت کردن,1
خارج کردن,1
پایمال شد,1
الگوبرداری شد,1
پاکسازی کرد,1
ظهور یافت,1
گفت‌وگو کرد,1
آرایش شد,1
ارزیابی شد,1
دستور فرمود,1
استقبال شد,1
بهره‌گیری شد,1
تلقین شد,1
دستگیر جا,1
نق زدن,1
آماده شدن,1
سرو کرد,1
نوشته بود,1
طمع بست,1
عجله شد,1
کنترل شد,1
تبیین شد,1
مطالبه گردید,1
فروش رفت,1
نشان گرفت,1
ابلاغ شد,1
دستکاری شدن,1
برنامه‌ریزی شد,1
بیمه نشدن,1
قانع کردن,1
خواب دیدن,1
انحراف کشیدن,1
خنثی شد,1
تضعیف شد,1
رهنمون شد,1
ملاحظه‌کاری کرد,1
دست کشیدن,1
بازنویسی شد,1
فرهنگ‌سازی شد,1
راه رفتن,1
ساماندهی شد,1
حادث گردید,1
استعلام شد,1
ابراز نمود,1
بدل گشت,1
تدریس شد,1
جای گذاشت,1
جمع کردن,1
کم گذاشت,1
درست کردن,1
تهیه نکردن,1
سر زدن,1
هم آوردن,1
جا آوردن,1
عادت کردن,1
پی برید,1
رواج یافت,1
خواب گرفت,1
حواس بود,1
حمایت شد,1
زانو درآوردن,1
تعهد شد,1
موافقت نمود,1
تعریض شد,1
فنا کردن,1
درز شدن,1
تلگراف شد,1
تلطیف شد,1
منزل گزید,1
تلفیق شد,1
تلفظ شد,1
دمکراتیزه کردن,1
تمدید شد,1
تمرکز شد,1
تمتع شد,1
تله‌گذاری شد,1
تله‌پاتی شد,1
تمرین شد,1
عقب‌نشینی شد,1
تمرد شد,1
تمسک شد,1
مجیزگویی کرد,1
توسل جست,1
تأمین گردید,1
تیرباران شد,1
تنبیه شد,1
توافق شد,1
توجیه شد,1
توقیف شد,1
بوسه‌باران کرد,1
تندی شد,1
مشاهده گردید,1
فالگیری کرد,1
موهوم‌پرستی کرد,1
تیمار شد,1
عزل کرد,1
جاده‌سازی شد,1
انعقاد شد,1
به آورد,1
سود برد,1
تأیید شد,1
شرکت کردن,1
مانع رسید,1
یاری نمود,1
چاپلوس کرد,1
تهمت زدن,1
درددل کرد,1
نتیجه رسید,1
ندیده گرفت,1
شکار شد,1
استخدام شد,1
خود آمد,1
اشک ریختن,1
پس دادن,1
انگشت زد,1
جلب شد,1
داد رسید,1
کسر شد,1
چک شد,1
زار زدن,1
فواره زد,1
مویه کرد,1
آبروریزی کرد,1
گمان شد,1
اشاره رفت,1
فهم شد,1
طرح شد,1
غربال شد,1
قتل رسانید,1
قتل رسید,1
جا شد,1
تسلیت گفت,1
کار شد,1
بسته‌بندی شد,1
دوام آوردن,1
برلین است,1
رفتار شد,1
وحی شد,1
دست رفت,1
گوش فرادادن,1
کلنجار رفت,1
جوش آورد,1
ناز کشید,1
حساب آورد,1
هم آمد,1
باعث شد,1
جواب داد,1
برش زدن,1
تیر کشید,1
بازتعریف شد,1
ایراد گرفتن,1
نقد کردن,1
ترکیب یافت,1
تحقق یافت,1
سلب نمود,1
ریشه زد,1
رنج داد,1
گیر کردن,1
حمایت داد,1
غارغار کرد,1
توپ‌بازی کرد,1
حکم شد,1
دور ریخت,1
فالگوش ایستادن,1
دل‌تنگی کرد,1
یادداشت داشت,1
دندان‌قروچه کرد,1
چشم چراند,1
وام گرفت,1
حاصل گشت,1
رنگ باخت,1
موج گرفت,1
جا نهاد,1
دعوت نمود,1
تبیین نمود,1
تکذیب شد,1
پف کرد,1
جوش آمدن,1
آردپاشی کرد,1
مقایسه شد,1
در برید,1
دنبال گشت,1
قلقلک داد,1
دم کرد,1
پستان است,1
ایمان آوردن,1
اشتباه شد,1
بنزین زد,1
راه کرد,1
سفیدک زد,1
ترک داشت,1
مصرف نمود,1
تکان نخورده,1
گل شد,1
تکل کرد,1
بیان شد,1
رم کردن,1
احاله داد,1
درشتی نمود,1
همت کرد,1
ادعا شد,1
آموزش دادن,1
خط کرد,1
خشک شدن,1
دوری نمود,1
سکندری رفت,1
هدف گرفت,1
آسیب دیدن,1
ملاحظه نمود,1
پایان یافت,1
نوش کرد,1
پیروزی یافت,1
مخالفت شد,1
آبادی گرفت,1
صعود داد,1
سرکوب شد,1
تماس کرد,1
نفس کشت,1
درد آمد,1
فوران نمود,1
ادب کردن,1
حرکت درآمدن,1
تضمین فرمود,1
تحریم نمود,1
اجماع شد,1
احاطه شد,1
احاله شد,1
روایت نمود,1
احتجاج شد,1
احتکار شد,1
اجتناب نمود,1
رد شدن,1
طول کشت,1
گره خوردن,1
محکوم کردن,1
امتحان کردن,1
عزم کرد,1
پای‌کوبی کرد,1
احسان شد,1
ملاحظه شد,1
ایجاد گشت,1
خام‌اندیشی کرد,1
نافرمانی کردن,1
گناه ورزیدن,1
نقاشی کردن,1
سود کرد,1
تداوم داشتن,1
معنی نمود,1
جفا کرد,1
ستم شد,1
سپری کردن,1
خشونت نورزید,1
عمر کرد,1
دقت نمود,1
فکر نمود,1
وفا ورزید,1
رحمت آورد,1
شفا حتی,1
خجالت کشت,1
خفه کرد,1
انقباض کرد,1
اخاذی شد,1
پرداخت شد,1
احراز شد,1
پا شدن,1
مراقبه کرد,1
اختراع شد,1
اختلاس شد,1
احیا شد,1
مسافرکشی کرد,1
حال کردن,1
اذعان شد,1
آتش شد,1
سر آمدن,1
پشتیبانی شد,1
غرش کرد,1
نطق کردن,1
پرتاب کردن,1
جلد کرد,1
برچسب خورد,1
ارسال داشتن,1
تربیت گردید,1
انتخاب نمود,1
کسر کرد,1
افترا زد,1
ترک زد,1
اعدام شد,1
پانسمان شد,1
کار گرفت,1
ازدیاد شد,1
هزینه گردید,1
کس است,1
وجود آوردن,1
تعدیل شد,1
درخواست کردن,1
سفارش دادن,1
طرفداری کردن,1
برپا داشت,1
استناد شد,1
استجابت شد,1
تلاوت کردن,1
تألیف نمود,1
تصادف شد,1
ادیت کرد,1
صلح دادن,1
اقدام نمود,1
تسکین یافت,1
گرد آمدن,1
پرهیز نمود,1
ردیابی شد,1
لشکرکشی کرد,1
پاسخ گفت,1
سرنگون ساخت,1
سر ‌زد,1
اطاعت نمود,1
گرفتار آمد,1
گریز زد,1
کار گذاشت,1
آندوسکوپی کرد,1
گناه ورزید,1
صرفه‌جویی شد,1
اشرف داد,1
اعراض داد,1
کسب نمود,1
تاراج برد,1
تحقیر شد,1
گناه شد,1
حمام کردن,1
پیش‌دستی نمود,1
دزدی نمود,1
تعمیر شد,1
جلوه دادن,1
لغو کرد,1
نماز ایستاد,1
اقدام شد,1
شخم خورد,1
افراط شد,1
آغاز نمود,1
تصرف آورد,1
برقرار ساخت,1
پر زدن,1
پوست انداخت,1
خواهش نمود,1
ترغیب شد,1
اکتشاف شد,1
افشا شد,1
خرج شد,1
سبقت گرفتن,1
رفت داشت,1
اغراق شد,1
اکرام شد,1
الهام شد,1
گیر آمد,1
مؤثر افتاد,1
توقیف نمود,1
عکس داشت,1
تایپ شد,1
کار رفته,1
صرف شد,1
هوا کردن,1
بازداشت _,1
روزه گرفتن,1
واهمه داشت,1
تجلیل شد,1
ادامه داشتن,1
دشنام دادن,1
ارج گذاشت,1
خیانت نمود,1
انتخابات کرد,1
تشکر شد,1
روانه شد,1
فراهم آوردن,1
تحمیل گشت,1
بارفیکس زد,1
فریم گرفت,1
توجه داشت,1
اسپری شد,1
ظن سعودی,1
انجام شدن,1
ظن برید,1
بهانه‌تراشی کرد,1
کفن کرد,1
حل گرفت,1
دندان‌سازی کرد,1
فرمان‌روایی کرد,1
احترام حتی,1
تقصیر کرد,1
منصرف شد,1
ظاهر کرد,1
خطا نمود,1
له فرمود,1
بدشانسی آورد,1
استنساخ شد,1
استرداد شد,1
استنشاق شد,1
استحاله شد,1
فعالیت نمود,1
گوش بود,1
هوس کرد,1
مکث کرد,1
مرقوم فرمود,1
اق نشست,1
درس دادن,1
رفت شد,1
کاشی‌کاری کرد,1
حرف شد,1
ور داشت,1
غلط کردن,1
دست کردن,1
جان افتاد,1
چندک زد,1
قرق کرد,1
زور گفت,1
بخشش نمود,1
مصرف کردن,1
آرایش کردن,1
جر داد,1
وق زد,1
ایراد گرفت,1
کفر گرفت,1
سعی خدا,1
چیز افتاد,1
پایان گرفت,1
دندان کرد,1
اندوخته شد,1
زجر کشید,1
نفس کشیدن,1
لغو شد,1
تجدیدنظر کرد,1
تکلم نمود,1
نقش کرد,1
معلوم داشت,1
تلقی گردید,1
تلقی نمود,1
اخذ شد,1
گسیل داشت,1
تنبیه نمود,1
بو برد,1
ضرب کردن,1
القا گردید,1
تعریف کردن,1
دست نهاد,1
آب کشیدن,1
پیدا شدن,1
علم کردن,1
مثله کردن,1
قائل کرد,1
صدمه زدن,1
تحقیر شدن,1
دل نبستن,1
هدف‌گیری شد,1
سوء شد,1
دل بستن,1
در راه,1
حکم نمود,1
انعام شد,1
حسین کرد,1
گپ زد,1
تشر زد,1
گردش کرد,1
بهره گرفتن,1
میان داشت,1
انکار شد,1
اهتمام شد,1
گذشت کرد,1
برآورد شد,1
ایفا شد,1
نشا کرد,1
آبیاری شد,1
چنگ آوردن,1
درصدد آمد,1
جار کرد,1
بو کشت,1
سوئیچ کردن,1
اقدام دولت,1
بنیان‌گذاری شد,1
عرق کرد,1
کراهت آمد,1
ترمیم گشت,1
بی‌ادبی شد,1
بی‌اعتنایی شد,1
بی‌احترام شد,1
بی‌احترام کرد,1
پارس کردن,1
تکه کردن,1
پارک کردن,1
پارک شد,1
بهره‌جو کرد,1
بهره‌برداری شد,1
پهلو گرفتن,1
غرق شد,1
پناه برید,1
پرسش شد,1
تولید نمود,1
دختر مقید,1
نیاز داشت,1
بافت خورد,1
سر انداختن,1
نم دادن,1
نبش شد,1
تشکیل یافت,1
محسوب گردید,1
تقابل شد,1
امانت گذاشت,1
ضمیمه شدن,1
ارتعاش کرد,1
دریغ ورزید,1
تناسب کرد,1
طراحی کردن,1
نمایش گذاشت,1
پایه‌گذاری نمود,1
آسفالت کرد,1
خانه کردن,1
تاب خورد,1
سرو نمود,1
مخلوط گردید,1
دست‌فروشی کرد,1
خبرنگاری کرد,1
کش رفت,1
خراش افتاد,1
کری‌خوانی کرد,1
ارجاع داد,1
اشاره نمود,1
نقض نمود,1
پرستش شد,1
پرگویی شد,1
کف دادن,1
قاچ کرد,1
پوست کند,1
تلاش ورزید,1
تجربه نمود,1
پیشرفت داد,1
امضا نمود,1
تقلیل یافت,1
انتخاب گشت,1
حساب شد,1
ایمن‌سازی شد,1
آب‌پاشی شد,1
آب‌رسانی شد,1
آمارگیری شد,1
بازسازی شد,1
درود گفتن,1
پلاک کردن,1
ترک خوردن,1
بی‌وفایی شد,1
پست شد,1
بی‌تابی شد,1
پارو شد,1
نق‌نق کرد,1
پاسکاری کرد,1
پرستاری شد,1
بی‌حجابی شد,1
بی‌حرمتی شد,1
بی‌آبرویی شد,1
پاس شد,1
دفن کرد,1
موعظه فرمود,1
خود خواند,1
بیرون نمود,1
انتخاب داشت,1
یورتمه رفت,1
تاخت برید,1
نماز خواندن,1
باج‌گیری شد,1
بازداشت شد,1
عمل نکردن,1
بازخواست شد,1
بازدید شد,1
بازتاب شد,1
کف داد,1
پرده‌برداری شد,1
پژوهش شد,1
نوسازی شد,1
بهسازی کرد,1
بیتوته شد,1
آغوش کشیدن,1
پخت شد,1
بی‌رحمی شد,1
بی‌عدالتی شد,1
بیعت شد,1
بهره‌کشی شد,1
حرکت نکردن,1
بهینه‌سازی شد,1
CSSنویسی کرد,1
بی‌نظم کرد,1
بی‌نظمی شد,1
بی‌شرافتی کرد,1
پای‌گیر شد,1
فراهم کرد,1
فریاد آورد,1
پالایش شد,1
جشن گرفت,1
دستک زد,1
برداشت داشت,1
تحدید خواست,1
مجسم شد,1
یاری کردن,1
کودپاشی شد,1
کمر بست,1
دوست محبت,1
تصویر کشت,1
عرض شد,1
رسیدگی شد,1
مواجهه شد,1
رأی داد,1
رایت نمود,1
مسخره کردن,1
دست انداختن,1
عبادت کردن,1
سکونت نمود,1
بلند شدن,1
تشدید داد,1
پیوند دادن,1
تحریم شد,1
تحریر شد,1
تحریض شد,1
تحلیل شد,1
تراشکاری شد,1
چربی‌زدایی کرد,1
تربیت شد,1
تن دادن,1
قرائت شد,1
تفکر نمود,1
تحت داشت,1
تجویز شد,1
تخلص داشت,1
تخمین شد,1
تعریف نمود,1
پی بردن,1
ترمیم شد,1
ترویج شد,1
تسبیح شد,1
مقاومت کردن,1
تسریع شد,1
تسویه شد,1
تضمین شد,1
تهدید شد,1
تطمیع شد,1
تصفیه شد,1
منفجر شد,1
بازرسی شد,1
بازگشایی شد,1
قصاص شد,1
عفو کرد,1
خاطر سپردن,1
غدر ورزید,1
شرارت کرد,1
حرکت نمود,1
غسل دادن,1
سرزنش شد,1
نامه زد,1
سرنگون شد,1
بازداشت کرد,1
تفحص شد,1
ادب کرد,1
تقویم شد,1
تقویم گردید,1
تنزیه کرد,1
تضافر کرد,1
تعاضد کرد,1
تعاون کرد,1
منت نهاد,1
تقسیط شد,1
اشتباه گرفت,1
سرما خوردن,1
کرد کمک,1
ریزش نمود,1
خطاطی شد,1
رعایت نکردن,1
آزمایش کردن,1
نتیجه‌گیری شد,1
تنفیذ شد,1
تنقیه شد,1
رفعت داد,1
تنگ‌نظری شد,1
توبیخ شد,1
توقیع شد,1
فریاد زدن,1
توسل شد,1
تهذیب شد,1
ویرایش شد,1
تهاجم شد,1
لذت بردن,1
تهییج شد,1
تیم شد,1
استراحت نمود,1
تیغه شد,1
جای داد,1
کشت دادن,1
بزرگ‌نمایی شد,1
بشارت داد,1
ارنج کرد,1
رم کرد,1
تشکیل گشت,1
کمک نمود,1
چیرگی یافت,1
سؤال کردن,1
قدردانی شد,1
گستاخی شد,1
گزارش شد,1
گریه انداخت,1
تست شد,1
گسیل شد,1
جاخالی دادن,1
جاروب کردن,1
جارو شد,1
ثروت‌اندوزی کرد,1
قلدر کرد,1
ناسزاگویی کرد,1
حرف‌نویسی کرد,1
انتشار یافت,1
فتوا دادن,1
فلش شد,1
دقت کردن,1
ساماندهی کرد,1
احداث شد,1
وفات یافت,1
تبرئه نمودن,1
موافقت شد,1
مرد کرد,1
پیچ خوردن,1
عمل کردن,1
خطر کردن,1
تعقیب کردن,1
تطبیق یافت,1
کهیر زدن,1
برگشت خوردن,1
بجا آورد,1
نخ کرد,1
سرک کشید,1
قهر کرد,1
تحمل نمود,1
تحریف شد,1
تشویق شد,1
چشم‌پوشی نمود,1
میزان کرد,1
هک کردن,1
لاگین کرد,1
دکود کرد,1
مسخره کرد,1
چرب‌زبانی کرد,1
زخم خورد,1
دقیقه گذاشت,1
گردن نهادن,1
زینت نمود,1
عید گرفت,1
تن کرد,1
ساده‌زیستی کرد,1
خدمت نمود,1
گشت‌زنی شد,1
گفت شد,1
مات برد,1
غبارروبی شد,1
گلباران شد,1
پرداخت نشدن,1
گلایه شد,1
گلدوزی شد,1
مجسمه‌سازی کرد,1
گله شد,1
شاهد گرفت,1
دوبله شد,1
پیشنهاد شد,1
گلریزان کرد,1
غرس کرد,1
رنگ کردن,1
پلک نزدن,1
کادربندی شد,1
غر زدن,1
ورز داد,1
فرمان بردن,1
لگد کرد,1
جهت داد,1
ضربه زدن,1
کافر شد,1
مونولوگ کرد,1
تقطیر شد,1
تحلیف شد,1
خرد کرد,1
احتیاج داشت,1
تدوین شد,1
عدالت ورزید,1
آینه‌کاری کرد,1
جایگذاری شد,1
جانب‌داری شد,1
جبهه‌گیری شد,1
شناخت کرد,1
جر شد,1
جرزنی شد,1
جدول‌بندی شد,1
اطمینان داشت,1
جدال شد,1
اشکال کرد,1
فیصله یافت,1
تمثیل شد,1
تمشیت شد,1
تمهید شد,1
تناول شد,1
فرهنگ‌آفرینی کرد,1
جست شد,1
اجرا گشت,1
تصور شد,1
تصغیر شد,1
درخواست شد,1
قدم‌رنجه نمود,1
صادر داشت,1
مصروف شد,1
فروش رسید,1
تخم‌گذار کرد,1
تخم‌گذای کرد,1
مادر بودن,1
حرس کرد,1
ازدواج نمود,1
لحظه‌شماری شد,1
لشکر کشید,1
لعنت شد,1
فرار دادن,1
لحاظ شد,1
گشایش شد,1
گل‌کاری شد,1
گله‌گذاری شد,1
ارادت ورزیدن,1
مبالغه شد,1
گلوله‌باران شد,1
گمانه‌زنی شد,1
عجز کرد,1
منع نمود,1
خودداری نمود,1
مشورت شد,1
مصاحبه شد,1
نوع شد,1
عادت‌زدایی شد,1
صرف‌نظر کرد,1
عاریه شد,1
طواف نمود,1
عمارت شد,1
فرآوری شد,1
اظهار نمود,1
فلش زد,1
خضاب شد,1
دوام یافت,1
افشا گشت,1
قیامت شد,1
کتابدار کرد,1
تفویض گشت,1
مؤاخذه فرمود,1
طعن زد,1
خودداری ورزید,1
یک‌دستی زدن,1
اقامه شد,1
کشتی گرفتن,1
قسم خوردن,1
ایستادگی ورزید,1
تا شد,1
پاسخ داد,1
چاک زد,1
طلبکاری کرد,1
کنار گذاشتن,1
رسوب‌گذاری کرد,1
وحشت کردن,1
اعمال نمود,1
نشانه گذارد,1
جلوس کرد,1
سلب شد,1
قدم تنها,1
معذرت‌خواهی شد,1
معصیت شد,1
تست زد,1
تحقق بخشیدن,1
مغازله شد,1
مغلطه شد,1
مفهوم‌سازی شد,1
بازرسی نمود,1
لانه‌گذاری شد,1
زادآوری کرد,1
مچ‌گیری شد,1
مشاوره نمود,1
مشاوره شد,1
صیقل کرد,1
مصالحه شد,1
لابی کرد,1
مصلحت‌اندیشی شد,1
انفاق کردن,1
مضایقه شد,1
تکیه نمود,1
مظلوم‌نمایی شد,1
معاوضه شد,1
استانداردسازی شد,1
ترجمه کردن,1
زمین خوردن,1
تأسیس نمود,1
اشارت کرد,1
پوست انداختن,1
جوش زدن,1
پرده‌دوزی کرد,1
ثبت گشت,1
خودخواهی کرد,1
تکبر ورزید,1
نظارت شد,1
تصدق کرد,1
هدیه شد,1
خو کرد,1
خیر گفتن,1
نصب نمود,1
لوله کردن,1
تنبلی نمود,1
لوله شد,1
مانور شد,1
فرار کردن,1
مباشرت شد,1
محبت شد,1
مراجعت شد,1
مداوا شد,1
مدرسه‌سازی شد,1
زحمت کشید,1
بررسی نمود,1
مدیحه‌سرایی شد,1
مذاکره شد,1
مذمت شد,1
مرافعه شد,1
اسهال کرد,1
فرموله کرد,1
بد کرد,1
مبدل شد,1
فیضان کرد,1
بشارت فرمود,1
زیر کرد,1
یاد آوردن,1
مراجعه شد,1
اعتماد نمود,1
تأمین نمود,1
نوش نمود,1
شریک کرد,1
حمام شد,1
قربانی کردن,1
حکایت شد,1
مرتکب کرد,1
قتل شد,1
نمایه شدن,1
پناه بردن,1
صادر گشت,1
حکم فرمود,1
نیش زدن,1
کم آوردن,1
رعایت گشت,1
خریداری نمود,1
اجحاف شد,1
مراوده شد,1
مرثیه‌سرایی شد,1
مرزبندی شد,1
فک داشت,1
مزاح شد,1
مزمزه شد,1
صدقه داد,1
زل زدن,1
آرامش یافت,1
مساعدت شد,1
یاری دادن,1
قتل نمود,1
مقاومت نمود,1
امید ورزید,1
سازمان دادن,1
ترقی یافت,1
عقب‌نشینی نمود,1
جا زدن,1
برنامه‌ریزی نمود,1
تقبل فرمود,1
انکشاف داد,1
کیلو انداخت,1
عداوت نورزید,1
بدی کرد,1
بنده‌نوازی کرد,1
تشویق نمود,1
توازن کرد,1
نظافت شد,1
تی کشید,1
دفن کردن,1
سوگند خوردن,1
دوچرخه زد,1
وزارت داشت,1
اثبات شد,1
بازی کردن,1
مسألت شد,1
کنار آمد,1
بخشش کرد,1
لیزر شد,1
لینک سلام,1
نگاه شد,1
قناعت نمود,1
رشد یافت,1
کسر کردن,1
مبادرت شد,1
متابعت شد,1
مفارقت کرد,1
ارزانی فرمود,1
سپری نمود,1
روز افتاد,1
ببرسواری نمود,1
سرسختی کرد,1
نفرت ورزید,1
پافشاری ورزید,1
تفصیل کرد,1
ترویج نمود,1
فکر شد,1
تنظیم نمود,1
مجادله شد,1
همسایگی کرد,1
مجری‌گری شد,1
اخم کرد,1
تحقیق نمود,1
صبر کردن,1
طمع کرد,1
سحق کرد,1
ملاعبه کرد,1
توثیق فرمود,1
صحبت نمود,1
مشاهده فرمود,1
اختلاف کرد,1
طلوع نمود,1
عبرت گرفتن,1
درک نمود,1
فشار دادن,1
صیحه کشت,1
شکایت برد,1
جولان کرد,1
بی‌انصافی نمود,1
برقرار نمود,1
هک کرد,1
داد کشید,1
مقبول آمد,1
محکوم کرد,1
مهربانی نمود,1
فرصت یافت,1
چرخ‌کاری کرد,1
محکم‌کاری شد,1
مخاصمه نمود,1
تلاش شد,1
مخاطب‌سازی شد,1
مجاهدت ورزید,1
استقامت ورزیده‌اند,1
مخالفت ورزید,1
اقبال نمود,1
اصلاح شد,1
ترقی کردن,1
توبه نمود,1
پا نمود,1
اذیت نمود,1
تباه نمود,1
اقتصادسنجی کرد,1
حس شد,1
فیلمبرداری کرد,1
فال گرفت,1
اعتقاد داشت,1
جست نمود,1
حفر نمود,1
وضع شد,1
دور زدن,1
تن داشت,1
کار گذاردن,1
افتتاح شد,1
درخواست نمود,1
بمباران شد,1
صبر نمود,1
بنیان شد,1
منتقل نمود,1
قرارداد کرد,1
زیست کرد,1
توجیه کردن,1
وضو گرفتن,1
پیاده کردن,1
آستر شد,1
غیبت کردن,1
آشنایی‌زدایی شد,1
آمیزش شد,1
باد شد,1
بادکش شد,1
ذبح کرد,1
آبروداری شد,1
آتش‌افروزی شد,1
بازپروری شد,1
بازآفرینی شد,1
تقلب شد,1
بازشناسی شد,1
بازگرداندی کرد,1
تبدیل گشت,1
گیر آورد,1
لکه شد,1
لکه‌زدایی شد,1
تراش خورد,1
پایکوبی نمود,1
مطابقه شد,1
اسقاط کرد,1
آپلود کردن,1
عق گرفت,1
لگد شد,1
بخش شد,1
جر خورد,1
بدعت‌گذاری شد,1
برابری شد,1
برف‌روبی شد,1
کوچک‌نمایی کرد,1
اقامه نمود,1
اجابت فرمود,1
اجابت نمود,1
امید بستن,1
هم زدن,1
منصرف کرد,1
شروع گردید,1
احداث گشت,1
تهیه گردید,1
تقدیم گشت,1
پیش‌بینی گردید,1
ویزیت شد,1
آغاز گشت,1
وارد گشت,1
قطع گردید,1
تهیه گشت,1
تدوین گشت,1
نظر داشتن,1
سرو گردید,1
حمایت نمود,1
انتقاد نمود,1
قتل‌عام گردید,1
استفاده گردید,1
برهمکنش کرد,1
دموکراتیزه شدن,1
ایفاء کرد,1
حرف نزدن,1
صعود یافت,1
ظفر یافتن,1
تار کردن,1
شایعه شد,1
صادر نمود,1
بسترسازی شد,1
همه کرد,1
بلوا شد,1
فکر انداخت,1
استخفاف نمود,1
یاری فرمود,1
بازی‌گردانی شد,1
بر خورد,1
شیو کرد,1
اندیشه هست,1
اسارت برد,1
دوباره‌نویسی شد,1
امساک نمود,1
محقق شدن,1
ستم ورزید,1
اصلاح کردن,1
بی‌پروایی کرد,1
پرداخت نمود,1
تلاطم کرد,1
یقین رفت,1
ادغام شد,1
کناره گرفتن,1
امضا فرمود,1
رو گذاشت,1
واریز شدن,1
اختصاص یافت,1
تخلیه شد,1
پیاده کرد,1
پناه کرد,1
توقف فرمود,1
نمونه‌برداری شد,1
فوت تنها,1
خودداری شد,1
تلاوت شد,1
فشار آمد,1
تعلیق شد,1
مباهات نمود,1
عطا نمود,1
تر کرد,1
اشغال کرد,1
طرح کردن,1
احساس شد,1
طوفان کرد,1
ضرب گرفت,1
دوش گرفت,1
کار گرفتن,1
داخل شدن,1
ختم کرد,1
آزار کرد,1
محسوب گشت,1
تقاضا نمود,1
احتیاط شد,1
رسم کرد,1
جوانه زدن,1
بار آوردن,1
شفقت ورزیده‌اند,1
اخفا شد,1
پیشنهاد نمود,1
قول داد,1
مخابره شد,1
استنباط شد,1
واکسن زد,1
بدرقه نمود,1
رنده کردن,1
اسکن شد,1
موافقت فرمود,1
یدک کشید,1
نازل فرمود,1
اسکورت شد,1
میل نمود,1
سوءظن برد,1
شنا کردن,1
استقرا نمود,1
بو داد,1
پشت پیچید,1
پاک کردن,1
گردن گذارد,1
آگاه ساختن,1
بی‌توجهی شد,1
بهرهجویی کرد,1
جفت کرد,1
تشدید شد,1
ذخیره نمود,1
اعتراض نمود,1
پافشاری شد,1
پلاک شد,1
بی‌دقتی کرد,1
پلان کرد,1
ستم نمود,1
تابلو شد,1
تأدیب شد,1
تأکید ورزیده‌اند,1
دوره دید,1
پرخوری شد,1
بدخوری شد,1
آسیب دید,1
تجدید شد,1
نابود نمود,1
امتحان داد,1
تجمیع شد,1
تخلف شد,1
توسعه یافت,1
عمل نمود,1
توزیع شد,1
نقش داشت,1
تهویه شد,1
وانمود ساخت,1
ثواب شد,1
شمشیر زد,1
آوانویسی شد,1
سال کرد,1
مضاربه کرد,1
هرس کرد,1
قتل رساند,1
نشخوار کردن,1
دروغ بست,1
خاک پاشیدن,1
تعیین ساخت,1
صبح کرد,1
جایگزین شد,1
تأیید داشت,1
انسان کرد,1
زیرآب زد,1
لیست شد,1
سرو کردن,1
عمل‌آوری شد,1
عصب‌کشی شد,1
منتشر نمود,1
جلوگیری ورزید,1
واگذار گشت,1
مغالطه شد,1
حتی کرد,1
مداومت شد,1
راست‌نمایی کرد,1
مزه‌مزه شد,1
هدف‌گذاری شد,1
مخالفت نمود,1
اشاعه شد,1
گره زدن,1
گروکشی شد,1
بلد هست,1
زد بلد,1
مال داد,1
شعله‌ور نمود,1
ورق زدن,1
مباهله شد,1
مشارکت شد,1
استنکاف ورزیده‌اند,1
تربیت یافت,1
سئوال شد,1
تجمع نمود,1
کمک شد,1
نوع کرد,1
فروگذاری رو,1
حجامت کردن,1
اسیدشور کرد,1
آمد شد,1
آب‌کشی شد,1
برکت شد,1
نزول فرمود,1
بازی شد,1
پای خاست,1
خامی کرد,1
رضا داد,1
عود کرد,1
دست برید,1
عکسبرداری کرد,1
مقایسه گشت,1
مقاوم‌سازی شد,1
ارج نهادن,1
پررنگ شدن,1
تقسیم‌بندی شد,1
تنظیم شد,1
انعکاس شد,1
لحاظ کردن,1
سخنوری کرد,1
مسترد شد,1
موج خورد,1
جم خورد,1
قایم شد,1
ملاقات نمود,1
اتهام زد,1
آزار شد,1
لطف فرمود,1
گم شد,1
جلد کردن,1
کشت نمود,1
برج‌سازی کرد,1
زیباانگاری کرد,1
ملاطفت ورزید,1
غش رفت,1
تلمذ کردن,1
چوبه گرفت,1
تجربه شد,1
استتار شد,1
بازیابی کرد,1
ابراز کردن,1
قاپ زد,1
استدلال شد,1
اجازه داد,1
مقابلت کرد,1
جهالت ورزید,1
اکرام نمود,1
سی‌تی‌اسکن گرفت,1
تسلط یافت,1
قانون‌شکنی کرد,1
سن داشت,1
شک داشت,1
امان ماندن,1
شهادت رسید,1
بیرون داد,1
قدم داشت,1
اکرام فرمود,1
حراج گذاشت,1
امداد شد,1
رخ کشت,1
استشمام شد,1
زور آمد,1
ارزیابی نمود,1
منظور داشت,1
تحلیل نمود,1
انگشت‌نگاری شد,1
چشم‌پوشی حد,1
دریافت گشت,1
در داشت,1
سعی ورزید,1
رمزگذاری شد,1
فریز نمود,1
خط خورد,1
پارتی‌بازی شد,1
نثار نمود,1
تبخیر شد,1
تأدیه شد,1
بازجویی شد,1
به‌سازی شد,1
ملایمت کرد,1
طرد شد,1
ظلم نمود,1
تسلط کرد,1
وداع گفت,1
ضبط نهاد,1
فراهم فرمود,1
سجده نمود,1
تشبیه شد,1
تساهل ورزید,1
ثانیه‌شماری شد,1
نام گرفت,1
هم‌سطح‌سازی شد,1
به‌گزین کرد,1
تعلل نمود,1
هتک کرد,1
گویندگی شد,1
لاس زد,1
رهنما کرد,1
گرگر کرد,1
استنتاج شد,1
جراحی شد,1
تلقیح شد,1
اعتراف داشت,1
تکه شد,1
لشگرکشی شد,1
قلع کرد,1
نزاع شد,1
بی‌خردی کرد,1
ارزش نهادن,1
سوء‌استفاده کرد,1
عنوان کردن,1
تصمیم‌گیری نمود,1
تشکر نمود,1
گند زد,1
عرض نمود,1
کف کرد,1
مطالعه کردن,1
تفضل فرمود,1
نمره شد,1
سفر کردن,1
مشاجره شد,1
کف زدن,1
هم رساند,1
نام گرفتن,1
ارمغان فرستاد,1
یراق شد,1
تزیئن شد,1
تقسیم گشت,1
درون‌کاوی کرد,1
دعا شد,1
بی‌احترامی شد,1
اطلاق گشت,1
بچه آورد,1
پرداخت گردید,1
طی نمود,1
بازیافت شد,1
بانگ شد,1
بند آوردن,1
دستگیر گشت,1
رونق بخشید,1
قید شد,1
حسرت خورد,1
سکونت گزید,1
