light_verb,count
کرد,19485
داد,2555
زد,1731
شد,1654
داشت,1279
گرفت,1075
آورد,518
کشید,417
آمد,384
خورد,345
گذاشت,296
ورزید,287
برد,284
رفت,251
نمود,224
کردن,154
نهاد,145
افتاد,141
گذارد,127
یافت,114
بست,97
جست,86
انداخت,78
رسید,67
ساخت,63
دید,60
دادن,59
ماند,58
گفت,52
زدن,50
پذیرفت,44
فرمود,44
گشت,32
گردید,30
شدن,27
گرفتن,24
آوردن,23
راند,22
بود,22
برید,21
داشتن,20
نشست,20
خواند,17
افکند,16
پاشید,15
ریخت,13
کوبید,13
هست,12
باخت,12
خوردن,10
خاست,10
گفتن,9
بردن,8
فرستاد,8
پیچید,8
اندیشید,8
کند,7
کشیدن,7
بخشید,7
ایستاد,7
آمدن,7
کشت,7
رفتن,5
کوفت,5
است,4
نکردن,4
گزید,4
یافتن,4
دواند,4
ورزیده‌اند,4
درآوردن,3
خرید,3
گماشت,3
بودن,3
انداختن,3
خواست,3
نهادن,3
نشدن,2
دیدن,2
سوزاند,2
گشود,2
ورزیدن,2
نورزید,2
حتی,2
بستن,2
پوشید,2
نزدن,2
تنها,2
رساند,2
کشاند,1
جا,1
ریختن,1
رسانید,1
فرادادن,1
ایستادن,1
چراند,1
نخورده,1
درآمدن,1
‌زد,1
رفته,1
_,1
سعودی,1
خدا,1
نبستن,1
راه,1
دولت,1
مقید,1
خواندن,1
محبت,1
سپردن,1
کمک,1
نمودن,1
گذاشتن,1
بخشیدن,1
سلام,1
گذاردن,1
ساختن,1
پاشیدن,1
بلد,1
رو,1
ماندن,1
حد,1
