predicate,n,with_obj,complex,pct_obj
شد,2966,90,False,3.0
داشت,1996,1839,False,92.1
هست,1443,5,False,0.3
کرد,1305,1000,False,76.6
توانست,1059,20,False,1.9
گفت,893,122,False,13.7
آمد,672,1,False,0.1
داد,615,555,False,90.2
رفت,596,7,False,1.2
خواست,589,55,False,9.3
دید,514,279,False,54.3
گرفت,485,423,False,87.2
دانست,454,153,False,33.7
رسید,413,2,False,0.5
آورد,325,278,False,85.5
گذاشت,262,194,False,74.0
پیدا کرد,247,240,True,97.2
خواند,229,187,False,81.7
ساخت,203,157,False,77.3
افتاد,201,1,False,0.5
بود,201,1,False,0.5
گشت,195,4,False,2.1
زد,183,144,False,78.7
نشست,183,10,False,5.5
کشید,173,141,False,81.5
ماند,169,1,False,0.6
نوشت,167,87,False,52.1
برد,162,131,False,80.9
خورد,162,96,False,59.3
انداخت,139,124,False,89.2
انجام داد,135,100,True,74.1
یافت,132,108,False,81.8
وجود داشت,130,4,True,3.1
قرار داد,128,114,True,89.1
نشان داد,123,61,True,49.6
دوست داشت,123,66,True,53.7
اعلام کرد,122,21,True,17.2
فکر کرد,121,0,True,0.0
وارد شد,110,1,True,0.9
فرمود,108,11,False,10.2
